Framework,Backend,Task,Iteration,FrameworkInit(ms),ModelLoad(ms),Inference(ms),Total(ms),Init_AvgCPU%,Init_PeakCPU%,Init_AvgGPU%,Init_PeakGPU%,Init_MemRSSDelta(MB),Init_GPUMemDelta(MB),Init_WallTime(ms),Load_AvgCPU%,Load_PeakCPU%,Load_AvgGPU%,Load_PeakGPU%,Load_MemRSSDelta(MB),Load_GPUMemDelta(MB),Load_WallTime(ms),Inf_AvgCPU%,Inf_PeakCPU%,Inf_AvgGPU%,Inf_PeakGPU%,Inf_MemRSSDelta(MB),Inf_GPUMemDelta(MB),Inf_WallTime(ms),Error
tfjs,wasm-simd-threads,image-classification,1,78.34,90.35,86.48,255.17,0.0,0.0,10.0,10.0,-0.03,0.0,0.22,178.2,301.7,3.0,3.0,2.65,0.0,17.08,160.2,347.5,3.0,3.0,26.67,0.0,188.74,
tfjs,wasm-simd-threads,image-classification,2,74.47,87.97,85.48,247.92,0.0,0.0,4.0,4.0,0.0,0.0,0.06,78.7,80.4,4.0,4.0,2.64,0.0,17.24,140.2,313.9,4.0,4.0,27.0,0.0,190.05,
tfjs,wasm-simd-threads,image-classification,3,76.71,86.31,87.17,250.19,0.0,0.0,0.0,0.0,-0.01,0.0,0.6,50.4,100.8,5.0,5.0,2.64,0.0,17.59,212.0,611.3,5.0,5.0,27.17,0.0,188.55,
tfjs,wasm-simd-threads,image-classification,4,77.62,86.16,83.92,247.7,0.0,0.0,0.0,0.0,0.0,0.0,0.43,42.1,84.3,4.0,4.0,-2.63,0.0,0.21,174.2,462.5,4.0,4.0,53.63,0.0,189.12,
tfjs,wasm-simd-threads,image-classification,5,76.67,91.56,84.95,253.18,0.0,0.0,4.0,4.0,0.0,0.0,0.18,25.9,51.8,4.0,4.0,2.64,0.0,0.44,184.2,483.5,4.0,4.0,53.94,0.0,188.45,
tfjs,wasm-simd-threads,image-classification,6,77.31,94.29,85.12,256.72,0.0,0.0,3.0,3.0,0.0,0.0,0.24,160.3,163.9,3.0,3.0,2.68,0.0,16.78,173.1,377.0,2.8,3.0,33.85,0.0,189.85,
tfjs,wasm-simd-threads,image-classification,7,78.03,97.42,83.99,259.44,0.0,0.0,4.0,4.0,-0.04,0.0,0.66,296.8,460.0,4.0,4.0,2.64,0.0,12.0,199.0,395.8,3.5,4.0,53.94,0.0,188.3,
tfjs,wasm-simd-threads,image-classification,8,78.85,98.05,82.97,259.87,0.0,0.0,3.0,3.0,0.01,0.0,0.04,55.1,110.2,3.0,3.0,2.63,0.0,13.1,154.9,377.0,2.8,3.0,53.44,0.0,191.03,
tfjs,wasm-simd-threads,image-classification,9,76.67,93.22,85.24,255.13,0.0,0.0,5.0,5.0,0.0,0.0,0.47,39.4,78.8,5.0,5.0,2.65,0.0,17.04,295.7,624.1,4.2,5.0,28.92,0.0,191.06,
tfjs,wasm-simd-threads,image-classification,10,77.51,90.05,86.12,253.68,0.0,0.0,5.0,5.0,0.0,0.0,0.48,63.5,73.5,5.0,5.0,2.71,0.0,16.0,279.6,526.2,4.2,5.0,34.6,0.0,189.26,
tfjs,wasm-simd-threads,image-classification,11,77.22,90.27,83.69,251.18,0.0,0.0,5.0,5.0,0.0,0.0,0.43,103.4,153.0,5.0,5.0,2.64,0.0,16.17,170.1,441.6,3.5,5.0,38.99,0.0,191.33,
tfjs,wasm-simd-threads,image-classification,12,78.0,91.42,85.6,255.02,0.0,0.0,6.0,6.0,0.0,0.0,17.34,99.7,153.6,6.0,6.0,2.64,0.0,35.31,152.1,329.1,4.5,6.0,28.67,0.0,188.88,
tfjs,wasm-simd-threads,image-classification,13,75.08,89.97,83.1,248.15,0.0,0.0,5.0,5.0,0.0,0.0,0.43,26.1,52.3,5.0,5.0,-2.64,0.0,0.14,151.5,396.7,3.5,5.0,53.93,0.0,188.52,
tfjs,wasm-simd-threads,image-classification,14,78.72,88.06,80.41,247.19,0.0,0.0,5.0,5.0,0.0,0.0,0.21,59.2,118.4,5.0,5.0,-2.63,0.0,0.06,163.4,381.1,3.0,3.0,53.81,0.0,188.38,
tfjs,wasm-simd-threads,image-classification,15,77.69,87.79,82.76,248.24,0.0,0.0,3.0,3.0,0.0,0.0,0.25,27.2,54.4,3.0,3.0,2.63,0.0,18.25,268.8,489.2,3.0,3.0,26.09,0.0,190.49,
tfjs,wasm-simd-threads,image-classification,16,76.03,89.1,83.71,248.84,0.0,0.0,3.0,3.0,0.0,0.0,0.49,317.4,524.5,3.0,3.0,-2.7,0.0,0.53,174.7,472.8,3.0,3.0,53.84,0.0,191.45,
tfjs,wasm-simd-threads,image-classification,17,76.21,96.63,83.43,256.27,0.0,0.0,8.0,8.0,-0.01,0.0,0.43,63.0,124.9,6.3,8.0,70.14,0.0,97.84,185.8,382.5,3.0,3.0,34.96,0.0,157.94,
tfjs,wasm-simd-threads,image-classification,18,77.15,85.48,91.15,253.78,0.0,0.0,2.0,2.0,0.02,0.0,0.3,38.7,77.4,3.0,3.0,2.64,0.0,0.42,149.0,380.8,3.0,3.0,54.04,0.0,189.05,
tfjs,wasm-simd-threads,image-classification,19,74.91,92.15,84.26,251.32,0.0,0.0,6.0,6.0,0.0,0.0,13.39,88.7,132.8,3.0,3.0,2.79,0.0,33.66,652.5,2017.0,3.0,3.0,23.58,0.0,189.82,
tfjs,wasm-simd-threads,image-classification,20,79.58,99.21,82.94,261.73,0.0,0.0,4.0,4.0,0.0,0.0,0.03,39.6,62.6,3.0,3.0,51.2,0.0,97.67,149.8,492.5,3.0,3.0,34.44,0.0,223.18,
tfjs,wasm-simd-threads,image-classification,21,79.48,86.59,85.68,251.75,0.0,0.0,5.0,5.0,0.0,0.0,0.17,53.9,79.0,3.0,3.0,2.63,0.0,18.65,148.4,292.4,3.0,3.0,26.32,0.0,190.98,
tfjs,wasm-simd-threads,image-classification,22,77.77,86.44,82.68,246.89,0.0,0.0,5.0,5.0,0.03,0.0,0.22,67.3,134.6,5.0,5.0,-2.7,0.0,0.37,176.6,497.0,5.0,5.0,53.91,0.0,188.9,
tfjs,wasm-simd-threads,image-classification,23,78.0,86.44,84.46,248.9,0.0,0.0,5.0,5.0,0.0,0.0,0.34,129.1,230.6,5.0,5.0,2.77,0.0,15.88,200.0,461.2,5.0,5.0,26.51,0.0,188.85,
tfjs,wasm-simd-threads,image-classification,24,78.32,87.75,89.75,255.82,0.0,0.0,4.0,4.0,0.01,0.0,0.04,27.9,55.8,4.0,4.0,2.64,0.0,16.82,169.3,344.3,3.5,4.0,26.56,0.0,188.87,
tfjs,wasm-simd-threads,image-classification,25,78.64,90.3,86.08,255.02,0.0,0.0,5.0,5.0,0.0,0.0,0.22,100.8,146.7,5.0,5.0,2.66,0.0,16.28,218.4,377.8,4.2,5.0,26.7,0.0,188.54,
tfjs,wasm-simd-threads,image-classification,26,75.37,91.62,85.95,252.94,5774.2,11548.4,4.0,4.0,0.0,0.0,0.21,26.1,52.3,4.0,4.0,3.64,0.0,18.1,170.0,365.3,3.5,4.0,38.37,0.0,188.8,
tfjs,wasm-simd-threads,image-classification,27,78.25,88.41,87.05,253.71,0.0,0.0,4.0,4.0,0.01,0.0,0.04,42.1,84.3,4.0,4.0,-2.64,0.0,0.22,170.5,511.3,3.5,4.0,53.75,0.0,188.5,
tfjs,wasm-simd-threads,image-classification,28,80.02,93.31,81.78,255.11,0.0,0.0,4.0,4.0,0.01,0.0,0.04,29.6,59.2,4.0,4.0,2.69,0.0,12.15,194.3,494.8,3.5,4.0,54.9,0.0,189.8,
tfjs,wasm-simd-threads,image-classification,29,76.7,97.87,81.82,256.39,0.0,0.0,4.0,4.0,0.01,0.0,0.15,45.7,75.6,4.0,4.0,49.34,0.0,98.27,157.8,522.0,2.5,4.0,33.94,0.0,223.78,
tfjs,wasm-simd-threads,image-classification,30,78.46,86.35,86.57,251.38,0.0,0.0,5.0,5.0,0.02,0.0,0.04,86.3,172.7,5.0,5.0,4.83,0.0,16.86,255.4,480.1,3.5,5.0,26.73,0.0,190.15,
tfjs,webgl,image-classification,1,22.9,115.02,2215.11,2353.03,0.0,0.0,17.0,17.0,0.0,0.0,0.03,31.4,62.9,17.0,17.0,2.73,0.0,50.32,119.1,270.0,1.2,4.0,35.15,84.0,2386.39,
tfjs,webgl,image-classification,2,21.66,84.77,2122.43,2228.86,0.0,0.0,3.0,3.0,0.0,0.0,0.23,86.4,142.1,3.0,3.0,43.27,0.0,84.49,108.8,199.1,0.6,3.0,29.95,79.0,2196.65,
tfjs,webgl,image-classification,3,22.55,86.59,2126.49,2235.63,0.0,0.0,10.0,10.0,0.0,0.0,0.21,47.2,61.6,3.0,3.0,15.41,0.0,49.96,111.8,262.5,1.5,3.0,74.43,79.0,2279.26,
tfjs,webgl,image-classification,4,22.5,86.88,2116.39,2225.77,0.0,0.0,10.0,10.0,0.0,0.0,0.29,46.2,87.6,4.0,4.0,34.63,0.0,84.0,108.1,147.8,1.0,4.0,39.76,79.0,2188.54,
tfjs,webgl,image-classification,5,24.64,99.15,2126.99,2250.78,0.0,0.0,1.0,1.0,0.0,0.0,0.1,51.3,102.6,4.0,4.0,2.89,0.0,45.02,105.3,327.6,1.7,4.0,37.98,79.0,2280.44,
tfjs,webgl,image-classification,6,22.06,90.55,2126.64,2239.25,0.0,0.0,5.0,5.0,0.0,0.0,0.22,88.2,137.8,5.0,5.0,3.03,0.0,45.18,121.9,299.0,1.3,5.0,35.2,79.0,2199.73,
tfjs,webgl,image-classification,7,22.17,83.48,2127.65,2233.3,0.0,0.0,4.0,4.0,0.0,0.0,0.44,63.0,138.6,4.0,4.0,59.0,0.0,99.35,107.3,164.6,1.4,4.0,38.44,79.0,2245.73,
tfjs,webgl,image-classification,8,23.09,91.65,2127.12,2241.86,0.0,0.0,4.0,4.0,0.0,0.0,0.43,118.3,137.7,4.0,4.0,74.32,0.0,98.64,111.3,277.8,0.7,4.0,37.7,79.0,2246.53,
tfjs,webgl,image-classification,9,23.4,91.77,2135.52,2250.69,0.0,0.0,5.0,5.0,-0.01,0.0,0.25,64.4,98.7,5.0,5.0,20.95,0.0,49.75,102.3,169.5,0.8,5.0,66.83,79.0,2288.28,
tfjs,webgl,image-classification,10,22.53,88.7,2126.65,2237.88,0.0,0.0,5.0,5.0,0.0,0.0,0.3,86.7,157.6,5.0,5.0,51.66,0.0,100.48,101.9,144.0,1.3,5.0,69.86,79.0,2215.1,
tfjs,webgl,image-classification,11,23.49,84.0,2111.35,2218.84,0.0,0.0,5.0,5.0,0.0,0.0,0.1,171.7,354.8,5.0,5.0,57.04,0.0,101.16,115.2,245.7,1.4,3.0,68.61,79.0,2233.41,
tfjs,webgl,image-classification,12,28.41,130.79,2184.98,2344.18,0.0,0.0,3.0,3.0,0.0,0.0,0.1,81.9,156.2,3.0,3.0,51.32,0.0,99.68,110.7,147.7,0.8,3.0,30.29,79.0,2271.44,
tfjs,webgl,image-classification,13,21.97,86.63,2119.81,2228.41,5791.4,11582.7,4.0,4.0,0.01,0.0,0.19,50.0,103.3,4.0,4.0,47.72,0.0,97.97,114.9,213.7,1.1,6.0,39.54,79.0,2208.68,
tfjs,webgl,image-classification,14,22.12,91.98,2117.58,2231.68,0.0,0.0,4.0,4.0,0.0,0.0,0.22,32.2,64.5,4.0,4.0,2.65,0.0,28.61,107.9,189.6,1.1,4.0,35.93,79.0,2191.84,
tfjs,webgl,image-classification,15,22.55,98.3,2119.4,2240.25,0.0,0.0,4.0,4.0,0.0,0.0,0.11,69.2,154.2,4.0,4.0,41.77,0.0,83.81,112.8,263.4,0.8,4.0,66.7,79.0,2276.12,
tfjs,webgl,image-classification,16,22.37,85.48,2131.25,2239.1,0.0,0.0,5.0,5.0,0.0,0.0,0.43,182.4,273.2,5.0,5.0,43.14,0.0,84.32,113.3,218.3,1.3,5.0,38.14,79.0,2201.57,
tfjs,webgl,image-classification,17,23.37,90.42,2125.97,2239.76,0.0,0.0,6.0,6.0,0.0,0.0,0.16,129.1,253.4,6.0,6.0,59.68,0.0,98.37,107.1,182.1,1.4,6.0,69.62,79.0,2201.28,
tfjs,webgl,image-classification,18,22.29,83.75,2124.9,2230.94,0.0,0.0,5.0,5.0,-0.04,0.0,0.19,58.9,147.2,5.0,5.0,27.31,0.0,83.22,119.6,209.3,1.3,3.0,36.67,79.0,2195.72,
tfjs,webgl,image-classification,19,22.41,84.12,2121.59,2228.12,0.0,0.0,3.0,3.0,0.0,0.0,0.48,69.5,100.7,3.0,3.0,2.81,0.0,33.37,113.4,197.3,1.1,3.0,38.21,79.0,2273.1,
tfjs,webgl,image-classification,20,22.67,87.9,2117.42,2227.99,0.0,0.0,3.0,3.0,0.0,0.0,0.38,91.0,148.4,4.0,4.0,3.58,0.0,48.57,108.1,164.0,0.6,4.0,36.87,79.0,2191.99,
tfjs,webgl,image-classification,21,22.96,86.66,2114.15,2223.77,0.0,0.0,10.0,10.0,0.0,0.0,0.24,138.4,218.5,3.0,3.0,18.71,0.0,84.02,109.2,164.2,1.0,3.0,38.03,79.0,2186.14,
tfjs,webgl,image-classification,22,22.41,89.76,2120.44,2232.61,0.0,0.0,2.0,2.0,0.0,0.0,0.42,52.2,96.9,5.0,5.0,29.27,0.0,83.69,113.0,197.6,2.3,5.0,26.76,78.0,2205.32,
tfjs,webgl,image-classification,23,22.44,96.25,2138.89,2257.58,0.0,0.0,4.0,4.0,0.0,0.0,0.18,142.6,148.0,4.0,4.0,26.31,0.0,59.58,101.2,158.9,0.9,4.0,38.24,79.0,2290.76,
tfjs,webgl,image-classification,24,22.71,89.29,2123.87,2235.87,0.0,0.0,5.0,5.0,0.0,0.0,0.09,133.8,334.0,5.0,5.0,46.98,0.0,99.14,106.0,148.6,1.2,5.0,37.36,79.0,2241.3,
tfjs,webgl,image-classification,25,23.21,84.45,2106.34,2214.0,0.0,0.0,6.0,6.0,0.0,0.0,0.48,78.9,137.2,6.0,6.0,43.42,0.0,85.01,104.4,197.0,1.1,6.0,27.9,79.0,2194.47,
tfjs,webgl,image-classification,26,23.36,92.88,2121.7,2237.94,0.0,0.0,6.0,6.0,0.0,0.0,0.04,160.2,363.6,6.0,6.0,54.56,0.0,97.88,102.7,181.2,0.9,6.0,66.97,79.0,2225.67,
tfjs,webgl,image-classification,27,21.91,94.71,2107.01,2223.63,0.0,0.0,5.0,5.0,0.0,0.0,0.27,111.3,133.6,5.0,5.0,52.84,0.0,100.19,106.0,159.5,1.4,5.0,33.38,79.0,2210.9,
tfjs,webgl,image-classification,28,23.45,94.45,2117.34,2235.24,0.0,0.0,5.0,5.0,0.0,0.0,0.49,46.1,88.6,5.0,5.0,33.36,0.0,84.65,112.7,148.7,1.3,3.0,61.43,78.0,2191.47,
tfjs,webgl,image-classification,29,24.12,86.86,2122.06,2233.04,0.0,0.0,4.0,4.0,0.02,0.0,0.03,100.6,153.5,4.0,4.0,42.54,0.0,85.23,107.8,170.5,1.6,3.0,36.52,79.0,2190.71,
tfjs,webgl,image-classification,30,22.83,85.45,2120.88,2229.16,0.0,0.0,4.0,4.0,0.0,0.0,0.1,86.2,161.0,3.7,4.0,53.92,0.0,100.38,109.6,177.9,1.2,3.0,36.13,79.0,2222.82,
tfjs,webgpu,image-classification,1,104.57,92.38,384.84,581.79,2986.7,8885.7,15.0,15.0,20.47,12.0,100.9,65.7,109.9,4.0,4.0,56.58,0.0,96.64,88.2,150.9,2.7,4.0,95.57,73.0,539.84,
tfjs,webgpu,image-classification,2,101.35,85.47,389.31,576.13,29.2,87.6,5.0,5.0,22.42,13.0,98.25,91.4,111.5,4.3,5.0,70.69,0.0,99.12,80.4,148.0,2.9,3.0,95.01,74.0,528.51,
tfjs,webgpu,image-classification,3,103.53,89.52,384.32,577.37,22.8,68.5,5.0,5.0,22.2,14.0,104.03,78.8,120.3,5.0,5.0,68.01,0.0,99.25,70.9,130.9,2.3,5.0,95.23,73.0,537.16,
tfjs,webgpu,image-classification,4,105.52,86.5,386.57,578.59,24.3,72.8,1.7,5.0,20.64,12.0,100.04,86.1,114.8,5.0,5.0,72.08,0.0,95.48,85.2,165.5,3.9,5.0,95.01,73.0,522.66,
tfjs,webgpu,image-classification,5,109.91,84.21,386.7,580.82,42.0,126.1,5.0,5.0,21.46,11.0,101.93,74.4,115.7,4.0,4.0,71.96,0.0,97.26,87.4,148.7,2.7,4.0,95.28,74.0,525.09,
tfjs,webgpu,image-classification,6,103.83,91.67,389.24,584.74,0.0,0.0,3.0,3.0,0.0,0.0,17.8,69.2,109.0,3.0,3.0,14.84,0.0,16.24,79.8,149.2,4.5,6.0,131.37,73.0,575.28,
tfjs,webgpu,image-classification,7,103.05,89.49,389.53,582.07,0.0,0.0,5.0,5.0,0.0,0.0,16.92,140.5,281.0,5.0,5.0,2.65,0.0,15.64,90.9,164.0,3.6,5.0,97.38,74.0,477.7,
tfjs,webgpu,image-classification,8,104.78,93.48,389.48,587.74,37.8,113.4,5.0,5.0,20.84,13.0,99.76,85.1,109.0,5.0,5.0,66.12,0.0,99.27,103.4,197.6,2.9,5.0,73.57,73.0,527.08,
tfjs,webgpu,image-classification,9,101.76,86.1,389.26,577.12,17.0,50.9,4.0,4.0,9.1,15.0,79.92,49.4,105.1,3.0,3.0,49.85,0.0,99.46,81.3,148.7,2.6,3.0,95.83,73.0,508.55,
tfjs,webgpu,image-classification,10,105.19,86.38,386.55,578.12,35.6,106.8,4.0,4.0,21.5,13.0,99.59,47.4,51.3,4.7,6.0,49.34,0.0,99.37,82.2,148.4,4.3,6.0,96.0,73.0,507.65,
tfjs,webgpu,image-classification,11,101.76,85.78,384.29,571.83,23.3,69.8,4.0,4.0,19.96,11.0,95.38,87.7,107.3,4.0,4.0,73.84,0.0,98.4,81.3,181.9,2.1,4.0,95.68,74.0,537.44,
tfjs,webgpu,image-classification,12,104.27,91.06,388.79,584.12,40.7,122.1,2.0,4.0,21.71,11.0,95.68,59.5,87.1,4.0,4.0,58.13,0.0,98.19,117.7,308.5,3.4,4.0,95.66,74.0,526.33,
tfjs,webgpu,image-classification,13,103.69,93.3,389.61,586.6,15.4,46.2,4.0,4.0,21.34,14.0,100.8,14.7,29.3,6.0,6.0,-7.14,0.0,0.61,89.7,165.8,3.8,6.0,105.14,74.0,573.24,
tfjs,webgpu,image-classification,14,101.94,83.42,398.29,583.65,26.3,78.8,6.0,6.0,22.5,14.0,100.29,68.7,112.3,6.0,6.0,50.72,0.0,98.93,76.6,148.5,2.9,3.0,96.47,73.0,519.95,
tfjs,webgpu,image-classification,15,101.75,86.82,386.1,574.67,87.0,261.1,4.0,4.0,21.66,9.0,89.16,101.0,128.5,4.0,4.0,73.12,0.0,99.29,90.3,180.0,2.6,4.0,96.04,73.0,523.29,
tfjs,webgpu,image-classification,16,100.51,87.53,391.72,579.76,15.4,46.1,3.7,4.0,21.39,15.0,99.64,63.6,115.5,3.0,3.0,68.85,0.0,96.99,84.5,181.5,2.1,3.0,96.77,74.0,527.98,
tfjs,webgpu,image-classification,17,103.06,87.68,389.43,580.17,27.3,81.9,3.0,3.0,22.12,12.0,97.99,84.8,114.7,5.7,7.0,76.43,0.0,99.91,80.4,148.5,5.0,7.0,95.59,73.0,527.16,
tfjs,webgpu,image-classification,18,106.3,91.51,389.79,587.6,27.0,81.0,6.0,6.0,20.38,12.0,98.23,64.6,101.3,6.0,6.0,57.94,0.0,98.13,77.8,116.9,2.9,3.0,96.29,73.0,508.76,
tfjs,webgpu,image-classification,19,105.04,86.98,383.94,575.96,20.9,62.8,4.0,4.0,21.91,14.0,101.38,106.1,244.6,4.0,4.0,73.87,0.0,97.72,74.2,132.6,2.6,4.0,95.16,74.0,536.78,
tfjs,webgpu,image-classification,20,110.22,94.35,384.85,589.42,19.4,58.3,4.0,4.0,20.14,10.0,99.36,67.0,103.8,4.0,4.0,48.02,0.0,98.38,77.2,131.3,3.1,4.0,97.37,73.0,505.34,
tfjs,webgpu,image-classification,21,103.08,83.52,384.47,571.07,24.9,74.6,3.0,3.0,21.17,11.0,98.38,176.6,424.8,7.0,7.0,75.57,0.0,95.68,101.4,216.5,5.0,7.0,94.59,74.0,520.11,
tfjs,webgpu,image-classification,22,100.98,91.45,387.97,580.4,25.5,76.5,5.0,5.0,19.69,14.0,98.67,128.5,249.5,5.0,5.0,76.95,0.0,98.28,97.9,190.9,2.9,3.0,94.69,73.0,525.77,
tfjs,webgpu,image-classification,23,102.67,91.75,390.38,584.8,32.6,97.8,4.0,4.0,20.79,13.0,96.63,68.5,106.9,4.0,4.0,14.46,0.0,14.56,85.9,147.3,2.8,4.0,127.76,73.0,575.07,
tfjs,webgpu,image-classification,24,103.64,83.08,386.9,573.62,26.7,80.0,6.3,8.0,20.67,15.0,99.69,132.9,209.6,3.0,3.0,64.13,0.0,98.3,78.7,147.7,2.6,3.0,96.61,73.0,508.77,
tfjs,webgpu,image-classification,25,100.95,92.47,387.9,581.32,51.7,155.2,3.0,3.0,21.14,15.0,98.96,83.5,161.0,4.0,6.0,57.58,0.0,98.2,89.0,181.4,4.3,6.0,96.78,73.0,510.42,
tfjs,webgpu,image-classification,26,102.61,92.16,390.38,585.15,10.5,31.6,5.0,5.0,20.66,14.0,99.21,172.9,363.0,5.0,5.0,58.18,0.0,98.43,79.8,149.8,2.4,5.0,96.11,74.0,527.05,
tfjs,webgpu,image-classification,27,104.57,82.64,393.66,580.87,25.3,76.0,4.0,4.0,21.66,12.0,99.35,79.9,115.7,4.0,4.0,77.5,0.0,99.04,78.7,149.4,2.6,4.0,73.69,73.0,514.88,
tfjs,webgpu,image-classification,28,105.16,86.71,391.35,583.22,21.3,63.9,8.0,8.0,22.0,12.0,98.38,64.4,105.9,4.0,4.0,72.8,0.0,99.82,101.6,231.0,3.1,4.0,74.6,74.0,528.68,
tfjs,webgpu,image-classification,29,102.29,84.91,389.0,576.2,0.0,0.0,3.0,3.0,0.0,0.0,0.25,57.9,115.7,3.0,3.0,-2.63,0.0,0.24,89.6,203.7,4.5,6.0,113.28,73.0,573.41,
tfjs,webgpu,image-classification,30,101.46,91.46,389.95,582.87,14.5,43.6,4.0,4.0,20.76,14.0,101.79,74.9,99.5,4.0,4.0,55.57,0.0,96.84,85.5,151.2,2.6,4.0,96.0,74.0,528.25,
onnx,wasm-simd-threads,image-classification,1,188.41,1917.75,96.33,2202.49,34.7,85.0,2.0,4.0,9.66,0.0,181.64,222.6,855.5,1.0,4.0,392.18,0.0,1845.95,1011.8,1206.7,0.0,0.0,146.57,0.0,282.3,
onnx,wasm-simd-threads,image-classification,2,187.12,2586.46,104.78,2878.36,48.2,155.4,4.0,4.0,9.47,-1.0,181.68,165.7,825.5,0.7,4.0,384.39,-1.0,2515.24,1174.5,1750.6,0.0,0.0,121.65,0.0,284.59,
onnx,wasm-simd-threads,image-classification,3,187.84,2366.82,96.86,2651.52,15.4,46.2,4.0,4.0,9.12,0.0,99.3,211.3,992.0,0.7,3.0,456.63,-1.0,2383.05,1050.3,1227.1,0.0,0.0,131.76,0.0,235.26,
onnx,wasm-simd-threads,image-classification,4,187.81,1999.55,87.85,2275.21,36.3,108.9,3.0,3.0,8.8,-1.0,99.44,244.4,957.9,0.8,3.0,428.06,0.0,2010.3,1069.9,1233.2,0.0,0.0,107.6,0.0,235.21,
onnx,wasm-simd-threads,image-classification,5,188.44,1960.14,89.5,2238.08,37.7,113.0,16.0,16.0,8.5,0.0,99.76,235.1,961.7,1.4,4.0,423.06,0.0,1899.76,828.0,1275.7,0.0,0.0,112.43,0.0,205.62,
onnx,wasm-simd-threads,image-classification,6,195.43,2058.3,91.62,2345.35,27.6,79.1,2.5,4.0,9.65,-1.0,197.52,204.4,902.4,1.2,4.0,390.88,0.0,1998.58,1024.0,1301.8,0.0,0.0,113.22,0.0,188.24,
onnx,wasm-simd-threads,image-classification,7,183.65,2059.53,92.06,2335.24,21.3,48.0,15.0,19.0,9.56,-1.0,183.26,254.5,1011.7,0.8,3.0,464.87,-8.0,2088.12,1074.4,1219.8,0.0,0.0,80.63,0.0,157.09,
onnx,wasm-simd-threads,image-classification,8,188.22,2268.67,97.82,2554.71,33.0,68.0,4.0,4.0,9.4,0.0,183.99,228.5,1019.5,0.7,4.0,441.57,0.0,2250.48,1051.0,1157.1,0.0,0.0,117.5,0.0,236.56,
onnx,wasm-simd-threads,image-classification,9,186.19,1999.64,97.31,2283.14,21.9,69.8,5.0,5.0,9.66,-1.0,178.63,238.4,906.5,1.1,5.0,402.54,-1.0,1924.7,994.3,1257.1,0.0,0.0,146.12,0.0,204.47,
onnx,wasm-simd-threads,image-classification,10,187.26,3017.24,100.6,3305.1,30.4,121.8,4.0,4.0,9.97,0.0,179.46,191.6,1055.1,0.6,4.0,475.63,0.0,3036.83,1134.0,1189.1,0.0,0.0,104.09,0.0,220.74,
onnx,wasm-simd-threads,image-classification,11,187.45,1942.46,97.72,2227.63,57.0,139.9,6.0,6.0,9.41,0.0,182.03,242.3,1009.8,0.5,2.0,430.01,0.0,1942.27,1068.8,1192.0,0.0,0.0,98.35,0.0,234.84,
onnx,wasm-simd-threads,image-classification,12,189.59,2087.9,98.31,2375.8,24.1,78.0,3.8,4.0,9.77,-1.0,180.25,221.2,956.1,0.8,3.0,452.84,0.0,2096.35,1056.0,1148.9,0.0,0.0,109.16,0.0,222.79,
onnx,wasm-simd-threads,image-classification,13,188.57,3135.33,92.64,3416.54,17.4,54.0,3.5,4.0,9.38,0.0,180.71,164.3,954.7,0.7,4.0,470.28,-1.0,3140.71,1035.6,1267.7,0.0,0.0,112.18,0.0,221.28,
onnx,wasm-simd-threads,image-classification,14,193.86,1870.32,94.93,2159.11,50.8,111.7,6.0,6.0,9.14,0.0,180.51,261.3,987.6,0.8,3.0,459.34,0.0,1893.05,1071.1,1223.8,0.0,0.0,114.79,0.0,235.0,
onnx,wasm-simd-threads,image-classification,15,198.78,2071.16,99.4,2369.34,43.0,97.2,6.0,6.0,9.84,0.0,196.73,216.0,970.0,0.6,2.0,459.26,0.0,2091.02,1138.9,1270.9,0.0,0.0,112.02,0.0,221.17,
onnx,wasm-simd-threads,image-classification,16,187.84,1996.47,95.12,2279.43,23.3,70.0,11.0,15.0,9.62,0.0,96.19,260.2,990.7,0.7,3.0,441.05,-1.0,1994.0,1036.3,1182.7,0.0,0.0,126.75,0.0,218.93,
onnx,wasm-simd-threads,image-classification,17,196.85,2444.39,90.51,2731.75,22.6,72.6,4.0,4.0,10.62,0.0,181.85,189.7,990.1,0.9,4.0,460.46,0.0,2473.13,1181.5,1523.7,0.0,0.0,109.2,0.0,236.71,
onnx,wasm-simd-threads,image-classification,18,184.16,1991.76,88.85,2264.77,16.2,46.2,4.0,4.0,9.83,0.0,180.24,225.8,932.9,1.0,4.0,446.5,-1.0,1987.92,1052.3,1135.3,0.0,0.0,108.84,0.0,222.24,
onnx,wasm-simd-threads,image-classification,19,187.62,1953.78,102.9,2244.3,24.0,77.4,5.0,5.0,8.92,-1.0,182.96,231.5,798.6,0.9,5.0,406.73,-1.0,1900.09,1062.8,1295.3,0.0,0.0,159.36,0.0,284.43,
onnx,wasm-simd-threads,image-classification,20,192.76,1928.25,99.97,2220.98,47.5,158.8,5.0,5.0,10.24,0.0,195.72,233.5,895.9,0.8,3.0,415.15,0.0,1885.9,1040.9,1258.6,0.0,0.0,118.29,0.0,203.64,
onnx,wasm-simd-threads,image-classification,21,188.24,2377.12,95.47,2660.83,56.5,169.4,5.0,5.0,9.26,-1.0,95.17,223.5,998.1,0.7,3.0,437.5,0.0,2376.09,1084.1,1232.1,0.0,0.0,109.94,0.0,237.69,
onnx,wasm-simd-threads,image-classification,22,198.08,2046.37,99.21,2343.66,30.4,86.3,5.0,5.0,9.73,-1.0,180.24,254.8,969.5,0.8,3.0,430.48,0.0,2018.53,1120.8,1152.9,0.0,0.0,119.54,0.0,222.27,
onnx,wasm-simd-threads,image-classification,23,185.89,1940.57,93.85,2220.31,30.5,86.3,6.5,10.0,9.79,-1.0,178.58,229.0,890.0,0.9,3.0,432.72,0.0,1892.14,1053.5,1198.3,0.0,0.0,128.97,0.0,188.32,
onnx,wasm-simd-threads,image-classification,24,189.06,1887.25,90.02,2166.33,19.4,58.1,12.7,17.0,9.05,0.0,100.41,225.5,820.7,1.0,4.0,382.74,-1.0,1810.47,1076.6,1263.4,0.0,0.0,123.54,0.0,188.22,
onnx,wasm-simd-threads,image-classification,25,187.25,1943.93,100.35,2231.53,27.7,110.8,12.0,15.0,8.99,-1.0,164.84,224.9,824.5,0.8,3.0,387.57,-1.0,1852.7,1139.5,1392.8,0.0,0.0,136.01,0.0,285.11,
onnx,wasm-simd-threads,image-classification,26,186.61,1912.5,91.62,2190.73,25.9,103.5,2.5,4.0,9.0,0.0,178.44,227.9,906.5,1.2,4.0,437.61,0.0,1910.56,1082.1,1389.7,0.0,0.0,108.89,0.0,221.56,
onnx,wasm-simd-threads,image-classification,27,185.56,2918.42,95.0,3198.98,37.5,86.9,4.0,4.0,8.81,-1.0,182.77,186.8,968.1,0.7,4.0,470.24,0.0,2945.24,1076.5,1234.9,0.0,0.0,117.82,0.0,237.32,
onnx,wasm-simd-threads,image-classification,28,185.38,2186.91,88.32,2460.61,34.4,103.1,4.0,4.0,9.3,0.0,96.47,235.3,959.0,0.9,4.0,445.12,0.0,2185.18,1045.6,1155.1,0.0,0.0,108.51,0.0,220.79,
onnx,wasm-simd-threads,image-classification,29,186.24,2538.44,95.1,2819.78,25.8,77.4,3.0,3.0,9.71,0.0,100.0,177.9,839.3,0.5,3.0,390.45,-1.0,2466.21,1031.8,1198.9,0.0,0.0,101.2,0.0,203.8,
onnx,wasm-simd-threads,image-classification,30,187.52,2066.36,116.11,2369.99,48.9,159.7,3.5,5.0,10.0,0.0,180.12,233.3,979.4,1.2,5.0,464.43,-1.0,2084.52,1160.1,1256.8,0.0,0.0,124.0,0.0,236.94,
onnx,webgl,image-classification,1,91.24,238.11,1083.27,1412.62,0.0,0.0,6.0,6.0,0.0,0.0,0.24,117.6,235.9,5.2,6.0,36.81,0.0,190.36,104.7,148.0,1.0,3.0,45.41,92.0,1238.17,
onnx,webgl,image-classification,2,91.35,235.86,1086.98,1414.19,48.5,145.6,11.0,15.0,11.23,0.0,82.63,101.2,190.0,3.0,3.0,25.52,1.0,237.45,110.4,159.8,0.8,3.0,44.53,92.0,1205.95,
onnx,webgl,image-classification,3,87.66,234.37,1093.07,1415.1,0.0,0.0,5.0,5.0,0.02,0.0,0.21,106.4,153.3,4.5,5.0,21.12,0.0,188.86,97.5,147.6,1.6,3.0,43.95,92.0,1152.74,
onnx,webgl,image-classification,4,89.87,240.63,1081.2,1411.7,0.0,0.0,10.0,10.0,0.0,0.0,0.09,131.3,216.2,3.0,3.0,24.4,0.0,236.1,105.9,166.5,0.8,3.0,37.7,92.0,1187.24,
onnx,webgl,image-classification,5,93.71,232.29,1086.8,1412.8,0.0,0.0,5.0,5.0,0.0,0.0,0.42,109.6,176.0,4.5,5.0,20.72,0.0,191.91,92.6,115.5,1.5,3.0,40.24,92.0,1159.46,
onnx,webgl,image-classification,6,89.21,231.46,1081.01,1401.68,32.0,95.9,4.0,4.0,10.84,-1.0,83.13,109.4,277.1,3.0,3.0,38.68,0.0,191.13,109.7,162.4,0.7,3.0,42.61,92.0,1235.74,
onnx,webgl,image-classification,7,90.72,234.38,1086.91,1412.01,0.0,0.0,4.0,4.0,0.0,0.0,0.43,143.7,373.2,4.0,4.0,40.5,0.0,192.48,91.3,132.7,1.6,2.0,42.51,92.0,1232.49,
onnx,webgl,image-classification,8,90.62,240.41,1081.77,1412.8,0.0,0.0,5.0,5.0,0.0,0.0,0.47,94.1,123.4,4.0,5.0,24.45,0.0,192.03,102.7,214.5,1.5,3.0,40.46,92.0,1236.16,
onnx,webgl,image-classification,9,89.36,230.9,1080.56,1400.82,0.0,0.0,1.0,1.0,-0.01,0.0,0.43,142.1,223.9,5.0,5.0,22.16,0.0,190.51,99.7,197.7,1.3,5.0,37.51,92.0,1229.49,
onnx,webgl,image-classification,10,90.3,232.19,1079.13,1401.62,0.0,0.0,6.0,6.0,0.0,0.0,0.2,117.2,200.4,4.5,6.0,20.26,1.0,191.35,105.9,198.2,0.9,3.0,43.09,92.0,1138.89,
onnx,webgl,image-classification,11,90.31,232.9,1077.84,1401.05,54.6,163.9,7.7,10.0,10.61,-1.0,83.5,156.2,339.1,3.0,3.0,43.12,0.0,191.76,103.5,180.4,1.3,3.0,37.64,92.0,1237.51,
onnx,webgl,image-classification,12,90.96,234.69,1083.84,1409.49,24.4,73.1,5.0,5.0,10.27,-1.0,84.83,104.2,130.5,4.5,5.0,55.0,0.0,190.17,102.3,214.0,1.2,3.0,37.93,92.0,1233.96,
onnx,webgl,image-classification,13,88.99,233.73,1084.5,1407.22,0.0,0.0,4.0,4.0,0.01,0.0,0.11,111.8,205.2,3.0,3.0,20.81,0.0,191.88,92.7,131.5,0.9,3.0,38.04,92.0,1154.32,
onnx,webgl,image-classification,14,92.54,237.5,1081.2,1411.24,11.3,33.9,1.3,4.0,11.45,-1.0,84.32,76.2,147.5,4.0,4.0,25.61,0.0,222.68,103.6,147.5,1.7,4.0,40.89,92.0,1193.53,
onnx,webgl,image-classification,15,92.28,239.59,1082.06,1413.93,41.2,123.6,6.0,6.0,10.41,0.0,81.65,143.2,151.5,4.5,6.0,25.64,0.0,237.39,99.1,197.9,1.6,3.0,43.11,92.0,1188.07,
onnx,webgl,image-classification,16,90.71,234.55,1087.77,1413.03,0.0,0.0,1.0,1.0,0.0,0.0,0.38,84.4,170.3,4.0,4.0,13.63,0.0,191.33,106.7,223.0,1.3,4.0,43.14,92.0,1153.48,
onnx,webgl,image-classification,17,89.88,232.36,1075.29,1397.53,23.1,69.2,5.0,5.0,11.57,0.0,89.66,104.7,171.0,4.5,5.0,44.32,0.0,192.55,93.0,147.7,1.6,3.0,42.55,92.0,1137.87,
onnx,webgl,image-classification,18,91.53,235.22,1084.01,1410.76,23.3,69.9,14.0,14.0,10.69,0.0,88.36,94.2,111.5,3.0,3.0,18.54,0.0,158.62,109.1,198.2,0.9,3.0,39.08,92.0,1237.16,
onnx,webgl,image-classification,19,89.53,235.21,1095.13,1419.87,0.0,0.0,6.0,6.0,0.0,0.0,0.2,99.3,229.8,5.2,6.0,41.76,0.0,190.18,110.4,230.1,1.8,3.0,44.73,92.0,1234.79,
onnx,webgl,image-classification,20,95.26,237.64,1081.53,1414.43,0.0,0.0,10.0,10.0,0.0,0.0,0.4,109.1,218.0,3.0,3.0,37.21,0.0,189.34,95.9,247.1,1.3,3.0,41.32,92.0,1233.43,
onnx,webgl,image-classification,21,94.8,233.78,1082.74,1411.32,0.0,0.0,5.0,5.0,0.01,0.0,0.04,60.5,148.6,4.5,5.0,47.22,0.0,187.88,115.2,216.0,1.7,3.0,38.38,92.0,1239.11,
onnx,webgl,image-classification,22,93.21,236.88,1080.36,1410.45,22.5,67.6,10.0,10.0,10.47,0.0,82.96,80.6,132.5,3.0,3.0,50.6,0.0,189.38,105.0,214.2,0.9,3.0,45.27,92.0,1235.6,
onnx,webgl,image-classification,23,93.28,237.53,1074.52,1405.33,30.5,91.6,5.0,5.0,12.79,-1.0,82.61,147.0,218.9,4.5,5.0,26.42,0.0,237.12,95.4,131.7,1.1,3.0,37.63,92.0,1204.24,
onnx,webgl,image-classification,24,90.08,239.78,1080.97,1410.83,0.0,0.0,14.0,14.0,0.0,0.0,0.39,87.7,144.1,3.0,3.0,30.12,0.0,190.62,120.7,280.4,0.9,3.0,95.45,92.0,1169.92,
onnx,webgl,image-classification,25,95.68,236.63,1090.75,1423.06,42.5,127.5,4.0,4.0,10.35,-1.0,94.6,158.2,295.1,3.5,4.0,26.31,0.0,236.98,97.0,115.5,1.6,2.0,40.31,92.0,1207.31,
onnx,webgl,image-classification,26,91.62,229.53,1079.78,1400.93,24.3,72.8,3.0,3.0,10.44,0.0,84.7,141.1,224.8,3.0,3.0,18.65,0.0,159.83,100.9,208.4,0.8,3.0,39.72,92.0,1241.29,
onnx,webgl,image-classification,27,92.51,234.99,1089.53,1417.03,0.0,0.0,4.0,4.0,0.0,0.0,0.19,126.4,177.5,4.0,4.0,21.32,0.0,189.28,95.7,147.9,1.9,4.0,42.87,92.0,1156.93,
onnx,webgl,image-classification,28,93.78,234.22,1084.2,1412.2,0.0,0.0,5.0,5.0,0.02,0.0,0.04,101.6,151.6,4.0,5.0,31.25,0.0,192.45,94.6,163.6,2.0,3.0,40.0,92.0,1232.74,
onnx,webgl,image-classification,29,91.38,232.81,1081.68,1405.87,0.0,0.0,4.0,4.0,-0.01,0.0,0.19,128.3,272.5,4.0,4.0,47.49,1.0,190.41,94.9,132.0,1.2,4.0,45.95,92.0,1237.0,
onnx,webgl,image-classification,30,90.34,236.19,1080.27,1406.8,0.0,0.0,4.0,4.0,0.0,0.0,0.48,78.3,123.1,3.5,4.0,36.6,0.0,193.72,107.2,213.9,1.0,3.0,42.4,92.0,1234.13,
onnx,webgpu,image-classification,1,181.73,2340.99,362.33,2885.05,46.2,138.6,4.0,4.0,8.99,-1.0,98.46,233.2,1191.9,1.0,4.0,528.14,22.0,2280.18,1072.4,1232.4,0.0,0.0,219.02,29.0,475.27,
onnx,webgpu,image-classification,2,198.95,2128.02,385.12,2712.09,21.4,85.7,6.0,6.0,8.78,0.0,178.94,273.0,1122.3,0.9,6.0,506.87,18.0,2036.25,1095.1,1238.7,0.0,0.0,224.99,28.0,481.37,
onnx,webgpu,image-classification,3,190.21,2303.95,381.39,2875.55,15.4,46.3,5.0,5.0,8.81,-1.0,99.11,261.2,1226.4,1.0,5.0,573.92,46.0,2304.15,1045.3,1269.4,0.0,0.0,224.29,29.0,529.13,
onnx,webgpu,image-classification,4,188.05,2591.37,413.13,3192.55,30.5,86.1,11.5,14.0,9.79,0.0,177.75,226.0,1179.5,1.0,4.0,551.89,18.0,2562.79,932.4,1266.1,0.0,0.0,220.84,29.0,479.6,
onnx,webgpu,image-classification,5,189.16,2397.43,391.04,2977.63,47.5,112.8,7.5,9.0,8.98,0.0,166.46,254.1,1250.8,0.8,3.0,542.31,18.0,2325.67,1084.4,1350.2,0.0,0.0,225.12,29.0,477.3,
onnx,webgpu,image-classification,6,180.42,2340.52,377.89,2898.83,44.0,132.1,5.0,5.0,9.63,-1.0,116.45,264.3,1354.9,0.9,5.0,526.03,22.0,2289.19,874.5,1281.8,0.0,0.0,207.91,29.0,479.3,
onnx,webgpu,image-classification,7,196.86,3199.37,375.99,3772.22,19.2,61.0,4.0,4.0,9.94,-1.0,197.41,203.8,1155.9,1.3,4.0,532.93,18.0,3134.61,1088.8,1230.3,1.4,2.0,232.67,29.0,474.57,
onnx,webgpu,image-classification,8,187.6,2723.77,398.13,3309.5,37.4,85.9,4.0,4.0,9.19,0.0,182.25,248.4,1114.0,1.4,4.0,566.35,46.0,2754.52,1051.5,1233.2,0.2,1.0,192.68,29.0,466.22,
onnx,webgpu,image-classification,9,187.86,2611.72,400.26,3199.84,55.9,113.2,4.0,4.0,8.5,-1.0,166.39,239.4,1124.6,1.0,4.0,512.86,18.0,2522.16,1070.4,1278.1,0.1,1.0,213.44,29.0,502.58,
onnx,webgpu,image-classification,10,201.34,2431.87,431.69,3064.9,34.5,85.5,5.0,5.0,9.52,-1.0,183.78,242.2,1161.8,0.7,2.0,526.0,18.0,2357.83,1087.6,1333.9,2.5,3.0,229.7,28.0,594.62,
onnx,webgpu,image-classification,11,195.78,2291.09,375.05,2861.92,50.4,107.5,4.0,4.0,8.6,-1.0,181.98,263.1,1177.6,0.7,4.0,550.98,38.0,2284.78,1055.7,1341.3,0.0,0.0,226.05,29.0,489.62,
onnx,webgpu,image-classification,12,193.91,2783.01,411.23,3388.15,51.0,148.0,3.0,3.0,8.29,-1.0,166.32,213.6,1361.9,0.7,3.0,512.17,18.0,2724.18,991.6,1368.3,2.2,3.0,239.55,28.0,576.13,
onnx,webgpu,image-classification,13,197.72,2239.98,412.95,2850.65,22.7,72.8,4.0,4.0,9.97,0.0,180.29,246.1,1090.7,0.8,4.0,491.86,18.0,2150.26,1041.5,1180.4,0.4,1.0,254.8,29.0,577.89,
onnx,webgpu,image-classification,14,188.47,2125.41,368.82,2682.7,20.1,60.3,5.0,5.0,8.82,0.0,98.23,271.4,1188.8,0.8,3.0,531.98,46.0,2099.96,1129.4,1657.5,0.0,0.0,228.7,29.0,498.41,
onnx,webgpu,image-classification,15,193.99,2112.19,392.8,2698.98,42.1,106.1,6.0,6.0,9.53,0.0,182.68,263.6,1149.6,0.8,3.0,556.35,22.0,2083.66,1031.5,1211.3,0.0,0.0,223.04,29.0,492.36,
onnx,webgpu,image-classification,16,195.84,2619.47,404.4,3219.71,46.0,113.2,5.0,5.0,9.53,0.0,182.62,227.4,1151.9,0.6,3.0,544.01,18.0,2566.29,1080.7,1308.4,0.0,0.0,246.9,29.0,580.57,
onnx,webgpu,image-classification,17,250.25,2215.5,397.0,2862.75,32.5,92.8,5.0,5.0,9.67,0.0,181.06,277.5,1205.4,0.6,3.0,547.88,46.0,2205.98,1070.2,1162.4,0.0,0.0,228.58,28.0,514.73,
onnx,webgpu,image-classification,18,187.75,2278.47,416.18,2882.4,9.8,29.3,4.0,4.0,9.32,-1.0,98.62,264.7,1253.1,0.9,4.0,536.15,46.0,2280.06,997.7,1284.0,0.3,1.0,218.14,29.0,512.46,
onnx,webgpu,image-classification,19,195.25,2195.51,385.02,2775.78,37.3,93.4,5.0,5.0,9.47,-1.0,180.57,288.9,1208.0,0.7,5.0,556.98,30.0,2185.1,1015.3,1307.8,0.0,0.0,219.27,29.0,483.61,
onnx,webgpu,image-classification,20,184.41,2786.23,382.12,3352.76,34.3,103.0,5.0,5.0,9.04,0.0,96.71,218.3,1360.4,0.6,3.0,535.82,46.0,2778.7,1131.2,1461.1,0.0,0.0,230.21,28.0,527.03,
onnx,webgpu,image-classification,21,183.59,3516.66,404.47,4104.72,43.5,130.5,7.3,9.0,9.42,0.0,100.02,198.6,1201.3,0.6,4.0,539.42,34.0,3475.53,912.3,1219.8,0.0,0.0,202.15,29.0,476.26,
onnx,webgpu,image-classification,22,191.04,2718.11,373.51,3282.66,52.1,156.4,7.7,10.0,9.51,0.0,100.67,241.6,1175.7,0.7,3.0,536.11,22.0,2657.5,1102.3,1387.2,1.4,2.0,218.6,29.0,474.46,
onnx,webgpu,image-classification,23,200.5,2291.59,395.56,2887.65,33.7,102.8,4.0,4.0,8.95,0.0,194.06,235.1,1169.6,1.0,4.0,548.02,18.0,2270.54,903.8,1224.8,0.0,0.0,221.85,29.0,485.19,
onnx,webgpu,image-classification,24,183.73,2273.91,382.6,2840.24,45.1,103.7,6.0,6.0,9.15,-1.0,181.15,263.0,1185.0,0.5,2.0,536.43,38.0,2233.56,921.4,1250.5,0.0,0.0,202.74,29.0,479.88,
onnx,webgpu,image-classification,25,183.21,2143.86,382.02,2709.09,46.0,119.5,4.0,5.0,8.86,-1.0,179.83,269.0,1269.9,0.6,3.0,548.46,18.0,2094.59,1033.0,1215.9,0.0,0.0,223.34,29.0,484.31,
onnx,webgpu,image-classification,26,193.84,2284.18,367.31,2845.33,40.7,122.1,11.7,16.0,9.36,0.0,101.19,259.8,1170.7,1.3,3.0,511.13,46.0,2279.3,1040.2,1211.4,0.3,1.0,212.61,28.0,511.06,
onnx,webgpu,image-classification,27,190.64,2409.38,365.8,2965.82,1560.7,4551.4,5.0,5.0,9.08,-1.0,99.49,252.4,1352.9,0.7,5.0,529.99,43.0,2395.92,1023.4,1169.3,0.0,0.0,229.34,28.0,496.2,
onnx,webgpu,image-classification,28,201.72,2219.61,396.97,2818.3,29.7,87.0,12.0,20.0,8.97,-1.0,196.44,279.6,1190.1,1.7,4.0,551.98,34.0,2209.52,1088.9,1396.2,1.0,1.0,230.01,28.0,496.26,
onnx,webgpu,image-classification,29,188.66,2335.6,349.97,2874.23,17.5,54.2,4.0,4.0,9.49,0.0,182.52,242.0,1132.6,0.8,4.0,563.5,18.0,2294.7,1113.0,1488.0,0.0,0.0,230.33,29.0,481.07,
onnx,webgpu,image-classification,30,212.39,2611.08,379.12,3202.59,30.2,103.1,5.0,5.0,9.59,0.0,178.64,249.6,1154.7,0.5,3.0,525.55,46.0,2595.28,1036.5,1134.7,0.0,0.0,220.71,29.0,509.73,
onnx,webnn,image-classification,1,182.97,2113.5,51.86,2348.33,21.0,63.1,3.0,3.0,8.94,-1.0,97.92,208.8,599.4,0.8,3.0,397.2,0.0,2085.36,382.6,586.0,0.0,0.0,-7.7,0.0,187.86,
onnx,webnn,image-classification,2,184.41,2449.95,51.87,2686.23,21.0,63.0,2.3,5.0,8.82,0.0,97.76,186.0,575.3,1.1,5.0,386.02,-1.0,2366.57,530.8,610.8,0.0,0.0,-10.47,0.0,187.02,
onnx,webnn,image-classification,3,188.67,2017.76,51.22,2257.65,60.1,153.9,9.0,14.0,9.25,0.0,182.27,224.4,588.8,1.2,4.0,417.08,-1.0,1982.11,535.3,655.8,0.0,0.0,-7.85,0.0,189.66,
onnx,webnn,image-classification,4,194.38,2113.89,55.62,2363.89,52.1,161.2,4.0,4.0,8.67,0.0,181.5,213.9,556.6,1.1,4.0,422.27,-1.0,2077.25,501.8,563.9,0.0,0.0,-0.62,0.0,190.17,
onnx,webnn,image-classification,5,184.29,2152.73,54.59,2391.61,52.1,156.3,6.0,6.0,9.15,0.0,101.95,195.9,584.4,0.9,6.0,386.05,-1.0,2082.84,511.0,572.5,0.0,0.0,-6.84,0.0,189.39,
onnx,webnn,image-classification,6,185.55,2061.44,54.63,2301.62,35.1,140.3,8.2,10.0,9.7,0.0,182.7,205.8,553.0,0.7,3.0,410.72,0.0,2001.57,501.5,658.4,0.0,0.0,-7.84,0.0,188.8,
onnx,webnn,image-classification,7,185.43,2120.83,52.6,2358.86,1202.5,4720.5,3.5,5.0,8.75,-1.0,166.01,198.9,579.4,1.1,5.0,399.26,0.0,2053.65,533.8,616.9,0.0,0.0,-2.5,0.0,190.36,
onnx,webnn,image-classification,8,188.52,2973.56,52.75,3214.83,19.4,58.3,5.0,5.0,8.76,-1.0,99.9,187.5,627.3,0.7,5.0,438.57,0.0,2939.35,378.7,576.5,0.0,0.0,-2.48,0.0,187.42,
onnx,webnn,image-classification,9,182.23,2098.13,51.84,2332.2,38.0,81.1,5.0,5.0,9.77,0.0,181.52,221.3,593.5,0.8,5.0,386.62,0.0,2082.12,573.0,891.9,0.0,0.0,2.6,0.0,204.13,
onnx,webnn,image-classification,10,188.27,2074.96,52.31,2315.54,34.6,102.9,4.0,4.0,9.31,0.0,181.84,220.1,596.6,0.8,3.0,419.86,-1.0,2074.6,582.4,843.1,0.0,0.0,-3.19,0.0,203.68,
onnx,webnn,image-classification,11,207.58,2393.41,52.14,2653.13,30.6,103.7,9.5,15.0,9.48,0.0,176.36,179.7,581.5,0.9,4.0,404.83,0.0,2394.79,448.4,499.4,0.0,0.0,-13.23,0.0,141.95,
onnx,webnn,image-classification,12,183.02,2114.3,57.26,2354.58,20.7,46.9,7.0,10.0,9.28,0.0,182.78,198.1,592.9,1.2,4.0,416.18,-1.0,2086.93,665.6,1262.3,0.0,0.0,-1.18,0.0,190.42,
onnx,webnn,image-classification,13,183.89,2107.78,51.66,2343.33,31.0,105.4,4.0,4.0,9.17,-1.0,177.37,211.1,569.9,0.9,4.0,420.13,0.0,2082.89,366.1,538.3,0.0,0.0,2.22,0.0,187.84,
onnx,webnn,image-classification,14,186.76,2139.92,51.93,2378.61,21.1,47.3,3.0,3.0,9.55,-1.0,181.09,206.0,575.4,0.6,3.0,396.37,0.0,2096.03,862.7,2110.1,0.0,0.0,-1.24,0.0,186.76,
onnx,webnn,image-classification,15,191.19,2200.25,52.09,2443.53,40.7,125.9,3.0,3.0,8.92,-1.0,179.47,200.9,579.4,0.8,3.0,415.97,0.0,2181.86,363.2,575.7,0.0,0.0,-2.42,0.0,184.99,
onnx,webnn,image-classification,16,186.25,2847.51,52.52,3086.28,50.1,105.8,3.0,3.0,9.17,-1.0,182.22,196.6,597.0,0.6,3.0,437.3,0.0,2846.14,594.6,1013.3,0.0,0.0,-14.35,0.0,203.83,
onnx,webnn,image-classification,17,183.56,2107.81,52.29,2343.66,38.8,116.3,5.0,5.0,9.22,0.0,100.29,216.4,569.9,0.8,3.0,393.31,-1.0,2073.76,997.8,2654.5,0.0,0.0,-4.06,0.0,188.05,
onnx,webnn,image-classification,18,196.61,2517.41,53.53,2767.55,43.1,93.0,11.2,14.0,8.42,-1.0,181.43,157.0,545.5,0.9,3.0,416.36,0.0,2466.18,545.5,592.7,0.0,0.0,-10.0,0.0,186.94,
onnx,webnn,image-classification,19,190.97,2099.32,51.2,2341.49,29.0,63.2,2.5,4.0,9.25,0.0,181.19,214.6,583.5,1.1,4.0,415.39,0.0,2085.08,636.6,1056.5,0.0,0.0,-1.93,0.0,188.32,
onnx,webnn,image-classification,20,198.95,2628.4,51.93,2879.28,55.2,221.0,5.0,5.0,9.29,0.0,166.92,179.7,577.5,0.7,5.0,397.11,0.0,2592.97,596.4,1016.6,0.0,0.0,-10.16,0.0,204.55,
onnx,webnn,image-classification,21,184.49,2087.65,53.49,2325.63,34.4,103.1,23.0,23.0,9.21,-1.0,98.14,207.4,577.8,0.6,3.0,401.55,0.0,2076.49,496.2,565.5,0.0,0.0,-15.51,0.0,125.37,
onnx,webnn,image-classification,22,187.49,2147.18,53.66,2388.33,25.2,75.5,2.7,4.0,9.28,0.0,112.42,216.0,593.1,1.0,4.0,424.44,-1.0,2176.29,559.6,614.8,0.0,0.0,-21.8,0.0,141.11,
onnx,webnn,image-classification,23,196.44,2122.69,52.42,2371.55,37.4,101.2,5.0,5.0,8.17,0.0,181.03,214.5,581.8,0.8,3.0,400.54,0.0,2098.24,457.0,646.6,0.0,0.0,-27.13,0.0,127.65,
onnx,webnn,image-classification,24,194.39,2037.07,52.49,2283.95,37.5,102.1,6.5,8.0,9.18,0.0,197.39,215.3,720.5,1.3,5.0,395.32,0.0,1990.09,408.9,664.3,0.0,0.0,2.18,0.0,203.69,
onnx,webnn,image-classification,25,193.92,2087.97,51.95,2333.84,37.5,95.3,4.0,4.0,10.4,-1.0,182.54,206.2,577.6,0.9,4.0,416.26,0.0,2082.86,474.1,532.5,0.0,0.0,-3.97,0.0,202.44,
onnx,webnn,image-classification,26,196.22,2748.59,51.59,2996.4,25.8,103.3,4.0,4.0,9.01,0.0,182.15,170.9,599.0,0.5,3.0,392.22,0.0,2697.79,549.2,777.6,0.0,0.0,-8.0,0.0,187.88,
onnx,webnn,image-classification,27,184.38,2105.58,51.45,2341.41,26.1,68.5,5.0,5.0,9.59,0.0,177.33,196.5,595.6,1.0,5.0,422.08,0.0,2085.49,377.9,573.2,0.0,0.0,-2.79,0.0,188.25,
onnx,webnn,image-classification,28,186.32,2273.6,52.16,2512.08,34.2,102.7,3.0,3.0,9.6,-1.0,99.26,218.5,600.7,0.7,3.0,399.66,0.0,2260.58,471.4,573.6,0.0,0.0,-20.94,0.0,125.96,
onnx,webnn,image-classification,29,185.81,2728,51.53,2965.34,22.9,68.8,4.0,4.0,9.55,0.0,95.5,172.3,593.4,0.7,4.0,423.69,-1.0,2741.93,518.1,580.2,0.0,0.0,-20.24,0.0,126.12,
onnx,webnn,image-classification,30,190.96,2109.95,52.16,2353.07,28.3,76.0,13.5,17.0,8.59,0.0,181.58,219.2,576.8,0.8,3.0,414.63,0.0,2092.56,365.4,558.5,0.0,0.0,-3.6,0.0,186.36,
litert,wasm-simd-threads,image-classification,1,176.91,166.07,34.89,377.87,36.3,108.8,4.0,4.0,39.15,0.0,101.96,38.5,115.5,4.0,4.0,92.86,0.0,126.51,155.8,195.6,2.0,2.0,25.51,0.0,110.23,
litert,wasm-simd-threads,image-classification,2,175.58,149.81,35.14,360.53,77.7,233.0,5.0,5.0,30.73,0.0,83.27,49.0,147.1,5.3,6.0,85.38,0.0,111.35,181.6,206.6,6.0,6.0,23.17,0.0,109.53,
litert,wasm-simd-threads,image-classification,3,173.03,170.94,35.62,379.59,96.2,288.6,3.0,3.0,42.79,-1.0,101.01,73.7,183.7,6.0,6.0,88.31,0.0,141.77,162.1,188.2,6.0,6.0,14.42,0.0,126.19,
litert,wasm-simd-threads,image-classification,4,189.99,161.8,35.19,386.98,62.7,126.4,3.0,3.0,80.27,17.0,190.42,27.8,83.3,3.0,3.0,84.67,0.0,92.99,134.6,198.7,2.2,3.0,0.92,0.0,190.7,
litert,wasm-simd-threads,image-classification,5,176.43,165.23,38.64,380.3,20.6,61.9,5.0,5.0,44.28,0.0,100.29,57.9,132.0,5.0,5.0,86.83,0.0,129.08,135.0,164.9,2.0,2.0,24.57,0.0,109.9,
litert,wasm-simd-threads,image-classification,6,182.78,159.59,35.33,377.7,72.2,216.5,3.0,3.0,37.9,0.0,98.72,43.8,131.5,2.7,3.0,87.8,0.0,111.28,145.5,262.8,2.0,2.0,-3.75,0.0,189.27,
litert,wasm-simd-threads,image-classification,7,199.01,159.0,34.28,392.29,78.4,234.2,3.0,3.0,79.39,17.0,198.93,65.9,114.9,3.0,3.0,81.25,0.0,111.19,136.6,225.0,2.2,3.0,-4.47,0.0,189.66,
litert,wasm-simd-threads,image-classification,8,200.43,153.89,34.45,388.77,37.5,86.6,4.0,4.0,74.2,17.0,196.05,43.8,131.5,4.0,4.0,101.08,0.0,94.73,88.6,164.9,2.0,2.0,-3.44,0.0,189.38,
litert,wasm-simd-threads,image-classification,9,182.21,158.97,34.92,376.1,96.0,288.0,5.0,5.0,55.88,-1.0,101.9,32.9,98.6,6.0,6.0,78.58,0.0,110.78,88.8,157.8,6.0,6.0,-2.56,0.0,190.36,
litert,wasm-simd-threads,image-classification,10,179.56,163.46,34.74,377.76,50.8,152.3,6.3,8.0,42.05,-1.0,100.52,46.7,98.9,3.0,3.0,97.87,0.0,126.63,132.1,164.7,2.7,3.0,26.08,0.0,108.82,
litert,wasm-simd-threads,image-classification,11,173.95,158.28,34.83,367.06,23.2,69.6,4.0,4.0,57.73,-1.0,95.65,64.9,116.2,3.3,4.0,84.86,0.0,109.38,102.3,193.9,2.0,2.0,-4.93,0.0,188.74,
litert,wasm-simd-threads,image-classification,12,231.94,161.67,37.43,431.04,120.2,336.7,4.8,5.0,48.04,7.0,183.28,61.1,148.4,4.0,4.0,100.0,0.0,142.62,158.0,236.5,4.0,4.0,-4.5,0.0,125.07,
litert,wasm-simd-threads,image-classification,13,184.82,171,34.59,390.41,126.0,378.1,4.0,4.0,37.17,0.0,97.89,44.0,131.9,4.0,4.0,87.02,0.0,110.81,106.6,216.0,2.0,2.0,2.03,0.0,187.25,
litert,wasm-simd-threads,image-classification,14,177.88,169.21,34.47,381.56,46.6,139.7,5.0,5.0,43.24,-1.0,101.11,32.9,98.6,3.0,5.0,84.34,0.0,127.4,110.3,164.7,2.0,2.0,-4.33,0.0,187.71,
litert,wasm-simd-threads,image-classification,15,181.04,171.19,34.46,386.69,64.2,135.0,5.0,7.0,76.82,18.0,181.2,32.6,97.8,3.0,3.0,86.26,0.0,128.16,145.9,164.5,3.0,3.0,22.47,0.0,110.9,
litert,wasm-simd-threads,image-classification,16,180.4,158.37,34.94,373.71,107.4,322.2,4.0,4.0,42.78,0.0,93.46,47.7,81.4,4.0,4.0,82.27,0.0,112.17,98.5,197.0,2.0,2.0,-4.51,0.0,190.28,
litert,wasm-simd-threads,image-classification,17,175.17,157.86,34.95,367.98,108.3,325.0,6.0,6.0,42.04,-1.0,99.58,90.9,157.3,4.7,6.0,94.69,0.0,126.92,129.7,174.7,4.0,4.0,28.18,0.0,109.81,
litert,wasm-simd-threads,image-classification,18,175.41,156.02,34.66,366.09,86.0,258.0,3.0,3.0,43.18,2.0,100.92,74.4,114.7,3.0,3.0,79.31,0.0,111.85,151.3,163.9,3.0,3.0,20.38,0.0,111.13,
litert,wasm-simd-threads,image-classification,19,174,156.46,35.13,365.59,144.5,433.6,4.0,4.0,44.35,-1.0,96.89,44.4,133.1,4.0,4.0,93.96,0.0,126.26,161.4,264.9,2.7,4.0,28.39,0.0,125.08,
litert,wasm-simd-threads,image-classification,20,174.31,158.83,34.75,367.89,26.5,79.5,5.0,5.0,41.93,1.0,102.05,49.9,115.5,4.0,5.0,90.1,0.0,126.7,142.2,181.4,2.0,2.0,27.61,0.0,108.89,
litert,wasm-simd-threads,image-classification,21,191.83,155.53,37.31,384.67,78.4,228.7,3.2,4.0,63.82,8.0,169.67,31.7,95.1,4.0,4.0,63.76,0.0,95.55,126.5,192.6,4.0,4.0,15.1,0.0,190.38,
litert,wasm-simd-threads,image-classification,22,173.78,157.7,34.8,366.28,111.0,333.6,4.0,4.0,79.3,18.0,175.02,32.7,98.0,4.0,4.0,84.17,0.0,111.72,166.1,207.3,3.3,4.0,21.03,0.0,110.73,
litert,wasm-simd-threads,image-classification,23,175.41,157.68,36.16,369.25,26.6,79.8,4.0,4.0,44.04,-1.0,100.41,67.8,165.1,3.3,4.0,96.09,0.0,126.99,122.7,151.6,2.0,2.0,27.58,0.0,124.17,
litert,wasm-simd-threads,image-classification,24,168.33,156.61,38.21,363.15,104.4,313.1,5.0,5.0,50.56,-1.0,84.5,32.2,66.2,6.0,6.0,83.57,0.0,109.69,142.8,229.3,6.0,6.0,-4.3,0.0,189.11,
litert,wasm-simd-threads,image-classification,25,176.77,167.86,35.27,379.9,1581.0,4672.5,3.7,4.0,45.3,-1.0,84.95,32.8,98.3,3.0,3.0,81.8,0.0,112.6,78.4,149.9,2.0,3.0,-4.54,0.0,190.4,
litert,wasm-simd-threads,image-classification,26,179.28,154.19,36.22,369.69,138.7,416.2,3.0,3.0,43.98,1.0,102.65,32.8,98.3,3.0,3.0,88.66,0.0,111.1,178.5,242.5,2.0,2.0,21.94,0.0,110.16,
litert,wasm-simd-threads,image-classification,27,171.5,169.44,38.06,379.0,23.1,69.3,6.0,6.0,34.15,-1.0,82.79,68.2,105.0,4.7,6.0,87.89,0.0,109.35,110.9,228.8,4.0,4.0,-1.33,0.0,189.87,
litert,wasm-simd-threads,image-classification,28,179.85,166.81,39.31,385.97,91.4,274.3,2.0,2.0,51.41,-1.0,101.52,58.6,131.5,3.0,3.0,89.55,0.0,128.05,159.5,214.0,3.0,3.0,22.7,0.0,110.26,
litert,wasm-simd-threads,image-classification,29,185.87,159.54,38.31,383.72,61.9,185.7,4.0,4.0,44.3,1.0,105.43,32.6,97.7,4.0,4.0,88.29,0.0,128.67,143.1,164.5,2.0,2.0,27.22,0.0,110.32,
litert,wasm-simd-threads,image-classification,30,189.95,163.22,34.4,387.57,46.0,138.1,5.0,5.0,37.31,0.0,98.6,49.4,148.2,4.7,5.0,80.98,0.0,110.4,87.1,164.4,4.0,4.0,-4.25,0.0,190.4,
litert,webgpu,image-classification,1,177.16,419.88,572.37,1169.41,112.9,338.8,4.3,5.0,42.79,2.0,98.65,232.4,897.2,2.0,3.0,291.16,0.0,410.39,663.0,1119.8,0.0,0.0,169.27,0.0,717.85,
litert,webgpu,image-classification,2,178.87,411.66,584.45,1174.98,51.8,155.4,3.0,3.0,41.71,-1.0,99.38,259.4,923.6,2.5,3.0,288.85,0.0,410.74,651.8,988.4,0.0,0.0,203.53,0.0,716.1,
litert,webgpu,image-classification,3,173.6,415.08,565.34,1154.02,70.6,211.7,3.0,3.0,41.67,1.0,99.73,216.4,885.6,3.3,4.0,282.77,0.0,396.14,639.1,876.5,0.0,0.0,205.93,0.0,698.25,
litert,webgpu,image-classification,4,173.16,408.32,566.12,1147.6,93.3,279.9,4.0,4.0,43.44,-1.0,100.62,236.5,882.9,7.0,7.0,285.89,0.0,394.0,645.4,904.4,0.0,0.0,192.39,0.0,698.42,
litert,webgpu,image-classification,5,180.0,421.16,574.62,1175.78,151.4,381.4,6.0,6.0,77.65,18.0,179.24,210.4,951.2,6.0,6.0,280.02,0.0,382.33,676.6,900.7,2.0,6.0,226.94,0.0,673.76,
litert,webgpu,image-classification,6,173.51,409,573.61,1156.12,15.7,47.1,6.0,6.0,43.01,1.0,100.76,229.0,895.2,4.7,6.0,271.89,0.0,395.48,665.0,1035.4,2.0,4.0,166.24,0.0,687.93,
litert,webgpu,image-classification,7,175.65,422.81,586.96,1185.42,35.2,105.7,5.0,5.0,41.3,-1.0,100.89,245.3,870.2,3.0,5.0,293.72,0.0,411.23,653.0,994.7,1.0,2.0,157.06,0.0,720.72,
litert,webgpu,image-classification,8,190.13,413.67,582.98,1186.78,10.1,30.2,4.0,4.0,34.83,-1.0,99.46,221.3,867.6,2.7,4.0,290.74,0.0,398.85,642.3,1024.7,0.8,2.0,201.84,0.0,702.21,
litert,webgpu,image-classification,9,178.02,415.5,562.64,1156.16,20.3,61.0,4.0,4.0,42.41,-1.0,98.4,276.5,1085.0,3.0,4.0,298.55,0.0,413.41,626.3,894.5,0.8,2.0,194.68,0.0,710.24,
litert,webgpu,image-classification,10,185.31,411.72,570.36,1167.39,96.6,289.9,4.0,4.0,43.5,0.0,102.41,236.3,946.9,3.0,4.0,301.12,0.0,398.35,650.7,905.9,0.7,2.0,200.18,0.0,702.14,
litert,webgpu,image-classification,11,179.41,424.11,589.24,1192.76,25.3,76.0,4.0,4.0,44.05,0.0,102.45,228.2,853.2,3.3,4.0,291.16,0.0,413.88,654.2,926.5,0.9,2.0,157.44,0.0,720.28,
litert,webgpu,image-classification,12,179.21,425.58,574.08,1178.87,20.8,62.3,4.0,4.0,42.45,-1.0,102.23,235.3,893.5,3.3,4.0,293.59,0.0,411.76,642.3,925.4,0.9,2.0,191.76,0.0,696.0,
litert,webgpu,image-classification,13,174.28,418.94,586.4,1179.62,31.8,95.3,3.7,4.0,42.91,2.0,100.96,247.6,936.5,2.3,3.0,307.04,0.0,409.69,633.2,968.0,0.6,1.0,199.11,0.0,720.76,
litert,webgpu,image-classification,14,173.72,415.47,595.15,1184.34,97.7,293.0,5.0,5.0,42.43,1.0,99.48,229.6,901.9,2.7,3.0,288.73,0.0,398.46,627.9,786.6,0.6,1.0,200.03,0.0,699.08,
litert,webgpu,image-classification,15,175.91,447.62,565.23,1188.76,120.3,360.8,3.0,3.0,42.7,0.0,100.84,242.1,952.7,2.5,3.0,294.86,0.0,427.44,636.7,803.5,0.0,0.0,202.19,0.0,700.04,
litert,webgpu,image-classification,16,183.8,414.1,562.52,1160.42,94.8,284.3,3.0,3.0,37.16,0.0,100.33,228.0,894.5,5.0,5.0,300.76,0.0,400.43,649.1,872.5,0.0,0.0,186.69,0.0,694.75,
litert,webgpu,image-classification,17,173.09,433.03,593.06,1199.18,24.7,74.1,5.0,5.0,37.95,0.0,84.33,214.5,889.3,7.0,7.0,285.18,0.0,396.59,640.8,788.1,0.0,0.0,153.18,0.0,686.23,
litert,webgpu,image-classification,18,177.64,434.82,586.4,1198.86,45.8,137.3,5.0,5.0,44.0,-1.0,100.17,193.1,861.5,7.0,7.0,286.98,0.0,396.53,593.5,873.5,0.0,0.0,188.96,0.0,686.02,
litert,webgpu,image-classification,19,175.37,423.63,581.1,1180.1,108.0,324.0,4.0,4.0,44.07,0.0,99.96,251.5,910.3,5.7,6.0,294.97,0.0,410.88,654.4,946.9,2.4,6.0,153.42,0.0,704.25,
litert,webgpu,image-classification,20,188.69,429.62,572.12,1190.43,34.4,103.2,6.0,6.0,34.15,0.0,95.96,254.2,993.8,4.7,6.0,304.16,0.0,413.26,643.3,813.0,2.0,4.0,213.66,0.0,702.37,
litert,webgpu,image-classification,21,178.81,417.22,589.03,1185.06,105.8,317.4,5.0,5.0,42.97,2.0,102.26,262.1,996.7,5.0,5.0,293.61,0.0,414.82,630.8,850.3,2.2,5.0,189.58,0.0,719.92,
litert,webgpu,image-classification,22,175.65,436.03,595.82,1207.5,98.6,295.8,6.0,6.0,43.22,0.0,102.1,136.7,397.5,4.2,6.0,221.64,0.0,350.85,646.2,975.8,1.9,3.0,225.72,30.0,759.72,
litert,webgpu,image-classification,23,171.36,420.86,581.48,1173.7,63.4,190.2,5.0,5.0,42.41,1.0,100.73,235.2,933.1,3.0,5.0,287.6,0.0,397.83,642.7,810.1,1.8,2.0,152.77,0.0,696.62,
litert,webgpu,image-classification,24,175.98,409.74,593.72,1179.44,107.4,322.2,3.0,3.0,44.89,7.0,113.94,191.3,595.4,2.4,3.0,230.03,0.0,334.15,628.8,919.0,0.7,2.0,166.56,9.0,769.31,
litert,webgpu,image-classification,25,173.74,426.85,565.16,1165.75,109.4,328.3,5.0,5.0,45.32,-1.0,100.96,241.8,873.4,3.0,5.0,290.04,0.0,415.79,647.4,877.0,0.8,2.0,164.21,0.0,695.2,
litert,webgpu,image-classification,26,176.83,425.4,575.97,1178.2,57.6,172.8,4.0,4.0,42.53,1.0,101.23,233.3,907.2,3.0,4.0,292.69,0.0,413.25,627.8,789.3,0.8,2.0,200.99,0.0,705.95,
litert,webgpu,image-classification,27,172.33,430.66,589.92,1192.91,125.3,375.8,4.0,4.0,42.15,-1.0,96.97,250.4,973.2,3.0,4.0,294.73,0.0,427.37,636.1,902.2,0.9,2.0,204.67,0.0,704.81,
litert,webgpu,image-classification,28,180.97,414.11,569.41,1164.49,1486.5,4331.9,1.3,4.0,43.98,0.0,100.71,212.8,847.4,3.3,4.0,279.57,0.0,394.51,633.8,811.7,0.9,2.0,168.89,0.0,703.87,
litert,webgpu,image-classification,29,177.25,432.38,585.27,1194.9,106.0,318.1,2.0,4.0,37.07,0.0,84.03,220.1,873.9,3.3,4.0,294.23,0.0,428.34,616.4,844.4,0.9,2.0,191.08,0.0,698.52,
litert,webgpu,image-classification,30,169.3,414.92,583.12,1167.34,124.2,429.2,8.5,14.0,77.81,19.0,170.95,197.6,842.2,2.8,3.0,290.38,0.0,398.59,628.9,819.0,1.1,2.0,146.05,0.0,693.23,
transformersjs,wasm-simd-threads,image-classification,1,2.66,36.51,555.09,594.26,0.0,0.0,5.0,5.0,0.0,0.0,0.11,1053.3,1145.0,0.0,0.0,7.83,0.0,34.56,1390.1,1520.9,0.0,0.0,249.99,-8.0,629.16,
transformersjs,wasm-simd-threads,image-classification,2,21.26,37.15,539.97,598.38,0.0,0.0,5.0,5.0,0.0,0.0,0.47,1046.9,1129.6,0.0,0.0,46.13,0.0,31.63,1406.4,1568.5,0.6,4.0,258.34,-8.0,613.4,
transformersjs,wasm-simd-threads,image-classification,3,7.15,39.99,498.44,545.58,0.0,0.0,4.0,4.0,0.0,0.0,0.19,1669.4,1941.4,0.0,0.0,8.7,0.0,32.36,1341.4,1611.2,0.6,4.0,286.29,-8.0,609.12,
transformersjs,wasm-simd-threads,image-classification,4,8.14,42.43,513.86,564.43,0.0,0.0,4.0,4.0,0.0,0.0,0.03,1193.6,1208.2,0.0,0.0,24.68,0.0,14.98,1214.5,1557.6,0.0,0.0,261.27,3.0,656.28,
transformersjs,wasm-simd-threads,image-classification,5,20.01,38.72,545.69,604.42,0.0,0.0,4.0,4.0,0.0,0.0,0.13,1239.0,1259.6,0.0,0.0,19.87,0.0,32.91,1355.5,1549.1,0.8,3.0,292.05,-8.0,702.74,
transformersjs,wasm-simd-threads,image-classification,6,7.62,38.32,526.46,572.4,0.0,0.0,5.0,5.0,0.0,0.0,0.06,1203.7,1203.7,0.0,0.0,0.0,0.0,0.0,1390.0,1834.0,0.6,1.0,293.71,-8.0,674.95,
transformersjs,wasm-simd-threads,image-classification,7,7.44,39.33,580.91,627.68,0.0,0.0,0.0,0.0,0.0,0.0,0.47,1052.3,1133.3,0.0,0.0,36.07,0.0,39.31,1383.0,1541.5,0.0,0.0,313.45,-8.0,736.56,
transformersjs,wasm-simd-threads,image-classification,8,7.67,37.15,563.09,607.91,0.0,0.0,5.0,5.0,0.0,0.0,0.37,1065.6,1076.4,0.0,0.0,32.24,0.0,35.87,1415.3,1510.9,0.0,0.0,270.83,-8.0,640.04,
transformersjs,wasm-simd-threads,image-classification,9,7.25,40.5,519.75,567.5,0.0,0.0,5.0,5.0,0.0,0.0,0.04,1191.0,1346.7,0.0,0.0,35.13,0.0,31.68,1430.1,1615.5,0.3,2.0,248.38,-6.0,594.49,
transformersjs,wasm-simd-threads,image-classification,10,3.69,36.23,523.69,563.61,0.0,0.0,4.0,4.0,0.0,0.0,0.12,1078.3,1317.0,0.0,0.0,10.9,0.0,33.49,1393.1,1528.9,0.0,0.0,283.98,-8.0,612.23,
transformersjs,wasm-simd-threads,image-classification,11,8.04,36.95,510.17,555.16,0.0,0.0,4.0,4.0,-0.01,0.0,0.24,1345.5,1622.2,0.0,0.0,3.17,0.0,15.57,1426.7,1575.7,0.4,3.0,263.61,-8.0,614.56,
transformersjs,wasm-simd-threads,image-classification,12,2.29,36.55,500.45,539.29,0.0,0.0,4.0,4.0,0.0,0.0,0.43,1159.4,1273.1,0.0,0.0,19.08,0.0,32.1,1366.5,1531.9,0.4,1.0,243.83,-8.0,578.06,
transformersjs,wasm-simd-threads,image-classification,13,2.28,36.04,513.26,551.58,0.0,0.0,1.0,1.0,0.0,0.0,0.48,947.8,1046.6,0.0,0.0,20.85,0.0,30.58,1435.5,1568.2,0.0,0.0,267.92,-8.0,584.89,
transformersjs,wasm-simd-threads,image-classification,14,25.09,42.94,548.81,616.84,0.0,0.0,5.0,5.0,0.0,0.0,0.24,1251.1,1251.1,0.0,0.0,0.0,0.0,0.0,1367.5,1548.1,0.2,1.0,296.55,-8.0,680.76,
transformersjs,wasm-simd-threads,image-classification,15,4.73,39.43,537.86,582.02,0.0,0.0,5.0,5.0,0.0,0.0,0.45,1046.8,1088.1,0.0,0.0,8.77,0.0,16.89,1387.5,1579.0,0.4,1.0,267.13,-8.0,624.77,
transformersjs,wasm-simd-threads,image-classification,16,8.64,36.44,538.11,583.19,0.0,0.0,8.0,8.0,0.0,0.0,0.22,1268.2,1273.5,0.0,0.0,9.69,0.0,14.12,1280.4,1583.1,1.0,2.0,273.69,3.0,679.53,
transformersjs,wasm-simd-threads,image-classification,17,8.08,35.03,502.03,545.14,0.0,0.0,7.0,7.0,0.0,0.0,0.21,526.5,1053.0,0.0,0.0,0.91,0.0,15.25,1230.9,1562.0,0.0,0.0,244.0,-8.0,583.66,
transformersjs,wasm-simd-threads,image-classification,18,6.78,36.99,555.11,598.88,0.0,0.0,5.0,5.0,0.0,0.0,0.2,1055.8,1060.3,0.0,0.0,22.61,0.0,31.15,1432.2,1601.5,0.0,0.0,266.09,-8.0,637.86,
transformersjs,wasm-simd-threads,image-classification,19,4.64,37.65,537.92,580.21,0.0,0.0,5.0,5.0,0.0,0.0,0.24,1197.1,1197.1,0.0,0.0,0.0,0.0,0.0,1308.1,1541.6,0.0,0.0,331.62,-8.0,725.36,
transformersjs,wasm-simd-threads,image-classification,20,22.55,38.4,503.19,564.14,0.0,0.0,3.0,3.0,0.0,0.0,0.13,1441.0,1760.1,0.0,0.0,23.32,0.0,17.81,1431.3,1788.9,0.0,0.0,255.63,-8.0,611.54,
transformersjs,wasm-simd-threads,image-classification,21,8.21,37.79,543.24,589.24,0.0,0.0,5.0,5.0,0.02,0.0,0.03,987.1,1108.9,0.0,0.0,5.44,0.0,0.5,1398.5,1781.5,0.8,3.0,283.27,-8.0,693.54,
transformersjs,wasm-simd-threads,image-classification,22,4.84,38.82,562.96,606.62,0.0,0.0,4.0,4.0,0.0,0.0,0.5,1183.6,1202.4,0.0,0.0,25.14,0.0,30.82,1394.5,1790.8,0.0,0.0,289.43,-8.0,671.18,
transformersjs,wasm-simd-threads,image-classification,23,6.86,37.87,537.59,582.32,0.0,0.0,3.0,3.0,-0.06,0.0,0.49,1012.3,1037.8,0.0,0.0,21.96,0.0,30.89,1376.3,1521.8,1.0,4.0,303.25,-8.0,690.18,
transformersjs,wasm-simd-threads,image-classification,24,22.34,37.76,522.81,582.91,0.0,0.0,4.0,4.0,0.0,0.0,14.0,947.2,1054.7,0.0,0.0,-10.43,0.0,0.84,1406.7,1582.4,0.6,1.0,249.2,-8.0,598.93,
transformersjs,wasm-simd-threads,image-classification,25,5.03,39.62,611.12,655.77,0.0,0.0,4.0,4.0,0.0,0.0,0.43,1377.0,1505.0,0.0,0.0,14.91,0.0,16.73,1472.4,1759.4,0.0,0.0,290.5,-8.0,715.44,
transformersjs,wasm-simd-threads,image-classification,26,5.01,41.0,546.69,592.7,0.0,0.0,5.0,5.0,0.0,0.0,0.04,1352.5,1491.4,0.0,0.0,-12.75,0.0,0.11,1379.2,1543.4,0.6,1.0,259.43,-8.0,656.52,
transformersjs,wasm-simd-threads,image-classification,27,23.08,38.91,533.47,595.46,0.0,0.0,7.0,7.0,0.01,0.0,0.12,1210.9,1229.9,0.0,0.0,27.06,0.0,41.21,1447.5,1668.9,0.0,0.0,251.91,-6.0,632.99,
transformersjs,wasm-simd-threads,image-classification,28,25.21,39.28,516.04,580.53,0.0,0.0,5.0,5.0,0.0,0.0,0.13,1129.9,1269.5,1.0,1.0,14.92,0.0,19.98,1420.5,1653.0,1.0,1.0,273.96,-8.0,675.42,
transformersjs,wasm-simd-threads,image-classification,29,2.22,41.14,550.55,593.91,0.0,0.0,7.0,7.0,0.0,0.0,0.21,1043.2,1136.8,0.0,0.0,26.98,0.0,32.24,1439.5,1557.7,0.0,0.0,273.48,-8.0,627.94,
transformersjs,wasm-simd-threads,image-classification,30,9.69,42.44,588.11,640.24,0.0,0.0,4.0,4.0,0.0,0.0,0.06,1196.1,1449.4,1.0,1.0,12.17,0.0,17.62,1457.9,1749.3,0.5,1.0,279.99,-8.0,683.8,
transformersjs,webgpu,image-classification,1,4.84,368.91,560.61,934.36,0.0,0.0,3.0,3.0,0.0,0.0,0.24,1121.6,1521.5,0.0,0.0,187.03,19.0,299.87,1343.8,1447.0,0.1,1.0,217.16,13.0,705.41,
transformersjs,webgpu,image-classification,2,7.41,349.28,580.3,936.99,0.0,0.0,4.0,4.0,0.0,0.0,0.12,1095.6,1285.9,0.0,0.0,207.34,19.0,325.81,1296.5,1546.6,0.0,0.0,146.73,13.0,709.74,
transformersjs,webgpu,image-classification,3,4.05,348.75,574.61,927.41,0.0,0.0,7.0,7.0,0.0,0.0,0.26,1004.6,1143.1,0.0,0.0,183.23,19.0,300.25,1349.1,1663.8,0.1,1.0,191.64,12.0,677.52,
transformersjs,webgpu,image-classification,4,6.86,371.27,607.31,985.44,0.0,0.0,4.0,4.0,0.0,0.0,0.16,1171.6,1365.7,0.8,4.0,211.73,19.0,297.91,1366.5,1604.0,1.8,4.0,229.02,21.0,732.73,
transformersjs,webgpu,image-classification,5,24.43,373.07,576.58,974.08,0.0,0.0,4.0,4.0,0.0,0.0,0.26,960.2,1280.7,0.0,0.0,197.22,19.0,298.44,1389.8,1778.8,0.7,1.0,121.9,12.0,704.22,
transformersjs,webgpu,image-classification,6,23.05,365.76,586.27,975.08,0.0,0.0,5.0,5.0,0.0,0.0,0.43,1218.8,1350.8,0.0,0.0,212.97,18.0,345.93,1380.0,1646.9,0.1,1.0,140.08,14.0,702.75,
transformersjs,webgpu,image-classification,7,7.33,353.57,577.27,938.17,0.0,0.0,4.0,4.0,0.0,0.0,0.1,1117.2,1366.3,0.0,0.0,236.1,18.0,318.27,1429.3,2207.8,0.7,1.0,179.39,13.0,723.26,
transformersjs,webgpu,image-classification,8,20.89,375.43,589.38,985.7,0.0,0.0,4.0,4.0,0.0,0.0,0.19,1178.6,1394.3,0.0,0.0,228.27,18.0,360.64,1354.1,1563.4,0.1,1.0,136.85,14.0,655.41,
transformersjs,webgpu,image-classification,9,23.39,346.22,572.09,941.7,0.0,0.0,3.0,3.0,0.0,0.0,0.24,1097.3,1303.5,0.0,0.0,244.34,26.0,335.25,1403.1,1609.0,0.8,1.0,176.7,5.0,669.87,
transformersjs,webgpu,image-classification,10,9.08,348.24,577.07,934.39,0.0,0.0,4.0,4.0,0.0,0.0,0.08,1133.2,1264.6,0.2,1.0,234.67,19.0,327.07,1328.7,1576.0,0.6,1.0,173.12,13.0,724.3,
transformersjs,webgpu,image-classification,11,6.88,350.97,576.04,933.89,0.0,0.0,5.0,5.0,-0.07,0.0,0.21,1079.7,1226.2,0.0,0.0,199.88,18.0,250.66,1384.6,1585.5,0.1,1.0,189.49,5.0,677.92,
transformersjs,webgpu,image-classification,12,7.75,348.98,577.7,934.43,0.0,0.0,3.0,3.0,0.0,0.0,0.08,1383.1,2375.5,1.6,4.0,207.05,19.0,319.12,1322.3,1578.8,1.8,4.0,151.01,10.0,690.14,
transformersjs,webgpu,image-classification,13,8.53,350.91,570.64,930.08,0.0,0.0,4.0,4.0,0.0,0.0,0.07,1065.2,1250.7,0.2,1.0,221.92,18.0,337.04,1332.4,1547.0,0.6,1.0,137.34,13.0,703.67,
transformersjs,webgpu,image-classification,14,7.47,340.73,591.25,939.45,0.0,0.0,4.0,4.0,-0.01,0.0,0.42,1173.2,1688.1,0.0,0.0,206.94,19.0,317.49,1185.7,1603.2,1.3,2.0,138.76,13.0,720.92,
transformersjs,webgpu,image-classification,15,2.23,354.19,579.13,935.55,0.0,0.0,4.0,4.0,0.0,0.0,0.19,1069.0,1173.8,0.0,0.0,178.4,19.0,283.53,1325.9,1394.3,1.1,2.0,212.57,13.0,713.77,
transformersjs,webgpu,image-classification,16,24.9,353.31,572.91,951.12,0.0,0.0,7.0,7.0,0.0,0.0,0.44,1071.7,1321.7,0.0,0.0,217.82,18.0,314.24,1324.7,1492.5,0.1,1.0,179.09,13.0,702.38,
transformersjs,webgpu,image-classification,17,8.4,361.78,581.79,951.97,0.0,0.0,5.0,5.0,0.0,0.0,0.26,1059.6,1205.9,0.2,1.0,204.7,27.0,357.72,1370.4,1568.9,0.6,1.0,187.39,12.0,663.23,
transformersjs,webgpu,image-classification,18,7.44,341.74,590.17,939.35,0.0,0.0,3.0,3.0,0.0,0.0,0.24,1039.2,1129.4,0.0,0.0,145.13,19.0,237.2,1350.7,1507.7,0.0,0.0,212.12,13.0,738.54,
transformersjs,webgpu,image-classification,19,8.47,366.34,557.1,931.91,0.0,0.0,4.0,4.0,0.0,0.0,0.05,1227.7,1506.8,0.8,2.0,245.32,18.0,345.6,1212.5,1532.6,1.0,2.0,164.55,13.0,645.77,
transformersjs,webgpu,image-classification,20,24.38,357.94,589.53,971.85,0.0,0.0,5.0,5.0,0.0,0.0,0.21,1166.6,1238.1,0.2,1.0,248.08,43.0,359.29,1391.5,1631.2,0.6,1.0,148.51,12.0,655.24,
transformersjs,webgpu,image-classification,21,7.58,359.23,597.66,964.47,0.0,0.0,5.0,5.0,0.0,0.0,0.18,1097.3,1254.2,0.6,1.0,251.16,39.0,360.16,1337.9,1674.1,0.4,1.0,154.29,12.0,729.92,
transformersjs,webgpu,image-classification,22,20.07,351.21,575.8,947.08,0.0,0.0,4.0,4.0,0.0,0.0,0.05,1072.1,1208.1,0.0,0.0,176.96,19.0,283.24,1351.5,1547.3,0.0,0.0,240.17,12.0,699.72,
transformersjs,webgpu,image-classification,23,24.47,360.37,556.89,941.73,0.0,0.0,3.0,3.0,0.0,0.0,0.47,1106.3,1210.5,0.0,0.0,185.18,19.0,316.21,1218.9,1583.8,1.9,3.0,169.06,13.0,692.91,
transformersjs,webgpu,image-classification,24,8.68,353.45,569.78,931.91,0.0,0.0,5.0,5.0,0.0,0.0,0.52,902.8,1248.4,0.6,3.0,211.94,19.0,319.58,1194.7,1590.0,1.7,3.0,161.04,12.0,718.93,
transformersjs,webgpu,image-classification,25,7.46,357.52,570.38,935.36,0.0,0.0,5.0,5.0,0.0,0.0,0.06,1056.8,1216.0,0.0,0.0,188.99,19.0,299.84,1431.4,2108.1,1.2,2.0,149.96,12.0,686.94,
transformersjs,webgpu,image-classification,26,8.71,338.33,590.32,937.36,0.0,0.0,5.0,5.0,0.0,0.0,0.03,899.0,1267.0,0.0,0.0,213.5,19.0,322.11,1386.0,1678.1,0.8,1.0,192.56,4.0,702.81,
transformersjs,webgpu,image-classification,27,21.52,349.61,599.66,970.79,0.0,0.0,4.0,4.0,0.0,0.0,0.49,1113.8,1286.7,0.2,1.0,254.22,26.0,343.38,1326.1,1663.9,0.6,1.0,93.6,13.0,729.53,
transformersjs,webgpu,image-classification,28,5.72,352.87,581.39,939.98,0.0,0.0,9.0,9.0,0.0,0.0,0.21,1034.1,1093.6,0.0,0.0,136.62,19.0,220.53,1345.5,1570.8,0.0,0.0,233.05,32.0,704.94,
transformersjs,webgpu,image-classification,29,7.19,358.64,568.26,934.09,0.0,0.0,3.0,3.0,0.0,0.0,0.03,1083.6,1318.9,0.0,0.0,228.71,42.0,360.9,1362.9,1575.9,0.0,0.0,183.29,13.0,651.2,
transformersjs,webgpu,image-classification,30,7.47,353.99,575.64,937.1,0.0,0.0,5.0,5.0,0.0,0.0,0.23,844.5,1150.2,1.2,3.0,230.34,23.0,352.9,1380.9,1580.2,1.3,3.0,170.39,12.0,704.62,
transformersjs,webnn,image-classification,1,23.23,225.47,413.76,662.46,0.0,0.0,0.0,0.0,0.0,0.0,0.05,1023.5,1041.9,0.0,0.0,120.67,0.0,156.79,1199.2,1564.0,0.0,0.0,210.83,4.0,553.35,
transformersjs,webnn,image-classification,2,2.32,232.24,479.21,713.77,0.0,0.0,4.0,4.0,0.0,0.0,0.14,1062.0,1201.5,0.0,0.0,128.12,0.0,190.43,1445.5,1833.6,0.4,1.0,215.48,-6.0,568.34,
transformersjs,webnn,image-classification,3,8.01,218.53,454.45,680.99,0.0,0.0,3.0,3.0,0.0,0.0,0.43,1136.6,1181.1,0.0,0.0,95.38,0.0,124.68,1401.6,1716.6,0.6,1.0,234.74,-8.0,599.35,
transformersjs,webnn,image-classification,4,7.91,232.72,476.11,716.74,0.0,0.0,4.0,4.0,0.0,0.0,0.43,959.5,1137.3,0.0,0.0,97.97,0.0,207.89,1391.0,1631.8,0.6,1.0,176.09,4.0,574.53,
transformersjs,webnn,image-classification,5,9.03,224.75,442.1,675.88,0.0,0.0,5.0,5.0,0.01,0.0,0.12,1053.0,1166.8,0.0,0.0,140.68,0.0,189.93,1418.8,1689.4,0.6,1.0,172.22,-6.0,543.42,
transformersjs,webnn,image-classification,6,7.31,201.83,437.72,646.86,0.0,0.0,3.0,3.0,0.0,0.0,0.13,1144.4,1494.0,0.0,0.0,96.42,0.0,108.85,1361.9,1604.3,0.0,0.0,230.6,2.0,581.16,
transformersjs,webnn,image-classification,7,4.42,233.34,431.56,669.32,0.0,0.0,5.0,5.0,0.0,0.0,0.24,1034.0,1071.1,0.0,0.0,105.71,0.0,138.46,1328.4,1666.6,0.9,3.0,200.83,-6.0,569.46,
transformersjs,webnn,image-classification,8,8.44,225.38,449.73,683.55,0.0,0.0,5.0,5.0,0.0,0.0,0.25,998.8,1215.9,0.0,0.0,118.86,0.0,140.68,1377.6,1494.1,0.1,1.0,223.43,-6.0,560.31,
transformersjs,webnn,image-classification,9,8.0,219.06,481.57,708.63,0.0,0.0,3.0,3.0,0.0,0.0,0.21,1189.1,1573.7,0.0,0.0,124.31,0.0,189.2,1490.8,2189.2,1.1,4.0,215.42,-8.0,581.01,
transformersjs,webnn,image-classification,10,23.79,231.38,485.48,740.65,0.0,0.0,4.0,4.0,0.0,0.0,0.25,1154.4,1247.0,0.0,0.0,107.74,0.0,142.65,1423.7,1848.8,0.6,2.0,211.34,-8.0,583.09,
transformersjs,webnn,image-classification,11,10.09,210.65,475.65,696.39,9443.0,18886.1,4.0,4.0,0.0,0.0,0.04,2404.5,4746.7,0.0,0.0,93.43,0.0,96.19,1372.5,1539.7,0.0,0.0,282.53,-8.0,658.42,
transformersjs,webnn,image-classification,12,8.59,213.77,445.29,667.65,0.0,0.0,6.0,6.0,0.0,0.0,0.05,996.6,1066.8,0.0,0.0,101.79,0.0,126.21,1329.0,1562.8,0.4,1.0,235.66,-8.0,608.78,
transformersjs,webnn,image-classification,13,3.92,225.85,450.43,680.2,0.0,0.0,6.0,6.0,0.0,0.0,0.24,1021.5,1090.3,0.0,0.0,106.0,0.0,125.94,1357.8,1519.1,0.8,3.0,260.53,-8.0,612.83,
transformersjs,webnn,image-classification,14,7.76,234.43,410.84,653.03,0.0,0.0,5.0,5.0,0.0,0.0,0.43,772.8,1148.1,0.0,0.0,129.82,0.0,191.12,1692.4,3152.1,0.5,3.0,162.3,4.0,472.13,
transformersjs,webnn,image-classification,15,4.85,242.54,455.07,702.46,0.0,0.0,4.0,4.0,0.0,0.0,0.45,868.5,1211.0,0.0,0.0,121.11,0.0,188.14,1772.5,4161.9,0.3,1.0,200.65,-5.0,561.32,
transformersjs,webnn,image-classification,16,7.08,216.83,424.19,648.1,0.0,0.0,6.0,6.0,0.0,0.0,0.27,1136.8,1411.7,0.0,0.0,89.65,0.0,111.17,1343.5,1573.3,0.3,2.0,217.95,3.0,567.23,
transformersjs,webnn,image-classification,17,8.38,233.94,458.08,700.4,0.0,0.0,4.0,4.0,0.04,0.0,0.16,1086.1,1145.1,0.0,0.0,131.96,0.0,190.37,1327.4,1537.5,0.3,2.0,194.13,-5.0,573.92,
transformersjs,webnn,image-classification,18,8.16,216.34,416.39,640.89,0.0,0.0,4.0,4.0,0.0,0.0,0.03,1058.9,1181.6,0.0,0.0,134.56,0.0,189.66,1495.5,2240.6,0.6,1.0,177.2,-6.0,535.85,
transformersjs,webnn,image-classification,19,23.96,249.19,440.26,713.41,0.0,0.0,5.0,5.0,0.01,0.0,0.04,1126.6,1161.1,1.0,1.0,114.84,0.0,157.5,1398.1,1655.2,0.4,1.0,199.32,2.0,546.4,
transformersjs,webnn,image-classification,20,6.6,232.63,435.2,674.43,0.0,0.0,5.0,5.0,0.0,0.0,0.43,1493.8,3058.1,0.0,0.0,126.26,0.0,191.31,1552.7,2700.6,0.0,0.0,193.41,-7.0,551.85,
transformersjs,webnn,image-classification,21,23.46,225.37,451.16,699.99,0.0,0.0,3.0,3.0,0.0,0.0,0.43,1645.0,3714.4,0.0,0.0,138.29,0.0,208.01,1398.3,1615.6,0.0,0.0,187.41,-5.0,535.98,
transformersjs,webnn,image-classification,22,21.37,206.75,469.94,698.06,0.0,0.0,4.0,4.0,0.0,0.0,0.47,1152.4,1389.4,0.0,0.0,82.66,0.0,109.99,1393.4,1574.7,0.3,1.0,219.53,3.0,599.03,
transformersjs,webnn,image-classification,23,9.16,214.42,509.02,732.6,0.0,0.0,6.0,6.0,-0.01,0.0,0.48,1103.5,1276.3,0.0,0.0,100.23,0.0,111.46,1380.3,1600.9,0.8,3.0,230.32,3.0,639.42,
transformersjs,webnn,image-classification,24,8.03,229.17,446.17,683.37,0.0,0.0,5.0,5.0,0.0,0.0,0.24,1062.6,1086.2,0.0,0.0,84.6,0.0,110.39,1336.5,1604.0,0.3,2.0,242.95,-5.0,569.56,
transformersjs,webnn,image-classification,25,21.06,208.03,434.75,663.84,0.0,0.0,4.0,4.0,0.0,0.0,0.04,784.5,1126.0,0.0,0.0,107.32,0.0,191.37,1383.8,1533.7,1.4,2.0,219.84,3.0,576.39,
transformersjs,webnn,image-classification,26,7.62,236.23,420.98,664.83,0.0,0.0,4.0,4.0,-0.04,0.0,0.2,1068.0,1223.2,0.0,0.0,139.45,0.0,223.29,1469.9,1927.1,0.5,1.0,165.92,-8.0,501.76,
transformersjs,webnn,image-classification,27,8.81,234.69,445.42,688.92,0.0,0.0,5.0,5.0,0.0,0.0,0.48,1018.0,1102.9,0.0,0.0,134.13,0.0,189.83,1399.6,1656.3,1.4,5.0,225.67,4.0,580.02,
transformersjs,webnn,image-classification,28,7.47,213.02,469.08,689.57,0.0,0.0,5.0,5.0,0.0,0.0,0.11,886.1,1262.7,0.0,0.0,119.43,0.0,197.66,1411.5,1582.7,0.0,0.0,205.75,-8.0,614.0,
transformersjs,webnn,image-classification,29,2.22,221.85,460.7,684.77,0.0,0.0,6.0,6.0,0.0,0.0,0.16,1027.7,1145.6,0.0,0.0,110.72,0.0,157.94,1448.7,1746.9,0.6,4.0,219.44,2.0,549.03,
transformersjs,webnn,image-classification,30,23.13,215.14,485.56,723.83,0.0,0.0,3.0,3.0,-0.01,0.0,0.24,1146.2,1229.7,0.0,0.0,132.19,0.0,202.51,1374.3,1552.1,0.3,1.0,179.97,2.0,555.0,
tflite-native,cpu,image-classification,1,0.29,12.24,4.36,16.89,0.0,0.0,5.0,5.0,0.0,0.0,0.57,33.4,33.4,5.0,5.0,0.0,0.0,0.0,49.0,155.2,5.0,5.0,40.01,0.0,192.07,
tflite-native,cpu,image-classification,2,0.31,10.95,4.16,15.42,0.0,0.0,8.0,8.0,0.0,0.0,0.08,0.0,0.0,3.0,3.0,0.0,0.0,0.0,42.2,126.5,3.0,3.0,38.67,0.0,97.2,
tflite-native,cpu,image-classification,3,0.28,11.29,3.92,15.49,0.0,0.0,6.0,6.0,0.0,0.0,0.23,0.0,0.0,6.0,6.0,0.0,0.0,0.0,61.1,78.4,6.0,6.0,38.88,0.0,99.51,
tflite-native,cpu,image-classification,4,0.31,11.64,4.0,15.95,0.0,0.0,4.0,4.0,-0.01,0.0,0.48,0.0,0.0,4.0,4.0,0.0,0.0,0.0,120.6,152.5,4.0,4.0,40.28,0.0,97.17,
tflite-native,cpu,image-classification,5,0.28,12.37,3.87,16.52,0.0,0.0,6.0,6.0,0.0,0.0,0.48,69.9,69.9,6.0,6.0,0.0,0.0,0.0,74.2,118.3,6.0,6.0,38.66,0.0,95.43,
tflite-native,cpu,image-classification,6,0.28,11.74,3.95,15.97,0.0,0.0,4.0,4.0,-0.01,0.0,0.19,103.2,103.2,4.0,4.0,0.0,0.0,0.0,58.2,98.2,3.0,3.0,40.19,0.0,97.05,
tflite-native,cpu,image-classification,7,0.34,11.62,4.14,16.1,18093.0,36185.9,6.0,6.0,0.0,0.0,0.43,0.0,0.0,6.0,6.0,0.0,0.0,0.0,55.9,92.0,6.0,6.0,40.37,0.0,80.38,
tflite-native,cpu,image-classification,8,0.28,11.83,4.16,16.27,0.0,0.0,4.0,4.0,-0.01,0.0,0.24,0.0,0.0,3.0,3.0,0.0,0.0,0.0,8.7,26.1,3.0,3.0,38.71,0.0,97.15,
tflite-native,cpu,image-classification,9,0.27,12.59,4.32,17.18,0.0,0.0,5.0,5.0,0.0,0.0,0.47,0.0,0.0,5.0,5.0,0.0,0.0,0.0,8.6,25.8,5.0,5.0,40.66,0.0,97.0,
tflite-native,cpu,image-classification,10,0.28,12.1,4.11,16.49,0.0,0.0,1.0,1.0,-0.05,0.0,0.25,0.0,0.0,4.0,4.0,0.0,0.0,0.0,31.7,75.6,4.0,4.0,36.74,0.0,95.83,
tflite-native,cpu,image-classification,11,0.33,11.53,4.09,15.95,0.0,0.0,6.0,6.0,0.06,0.0,0.26,0.0,0.0,6.0,6.0,0.0,0.0,0.0,8.3,33.3,6.0,6.0,38.63,0.0,179.19,
tflite-native,cpu,image-classification,12,0.28,12.01,4,16.29,0.0,0.0,0.0,0.0,0.0,0.0,0.04,0.0,0.0,5.0,5.0,0.0,0.0,0.0,86.5,244.0,5.0,5.0,40.12,0.0,191.66,
tflite-native,cpu,image-classification,13,0.28,13.81,4.36,18.45,0.0,0.0,3.0,3.0,0.0,0.0,0.0,0.0,0.0,3.0,3.0,0.0,0.0,0.0,33.1,75.7,3.0,3.0,38.74,0.0,81.85,
tflite-native,cpu,image-classification,14,0.27,11.31,4.21,15.79,0.0,0.0,4.0,4.0,-0.01,0.0,0.25,0.0,0.0,4.0,4.0,0.0,0.0,0.0,14.9,43.0,4.0,4.0,38.09,0.0,178.42,
tflite-native,cpu,image-classification,15,0.28,10.63,4.2,15.11,0.0,0.0,3.0,3.0,-0.05,0.0,0.48,0.0,0.0,3.0,3.0,-0.07,0.0,0.46,16.6,34.3,3.0,3.0,2.28,0.0,134.39,
tflite-native,cpu,image-classification,16,0.28,11.11,3.9,15.29,0.0,0.0,4.0,4.0,0.0,0.0,16.68,0.0,0.0,4.0,4.0,0.0,0.0,0.0,59.7,128.0,4.0,4.0,38.83,0.0,97.48,
tflite-native,cpu,image-classification,17,0.28,12.13,4.22,16.63,0.0,0.0,3.0,3.0,0.0,0.0,0.48,0.0,0.0,3.0,3.0,0.0,0.0,0.0,33.1,99.4,3.0,3.0,38.83,0.0,100.15,
tflite-native,cpu,image-classification,18,0.28,11.36,4.17,15.81,0.0,0.0,4.0,4.0,0.0,0.0,0.46,0.0,0.0,4.0,4.0,0.0,0.0,0.0,48.5,161.9,4.0,4.0,40.18,0.0,176.94,
tflite-native,cpu,image-classification,19,0.28,11.87,3.96,16.11,0.0,0.0,5.0,5.0,0.02,0.0,0.19,0.0,0.0,4.0,4.0,0.0,0.0,0.0,32.5,78.0,4.0,4.0,41.05,0.0,99.25,
tflite-native,cpu,image-classification,20,0.33,11.76,4.22,16.31,0.0,0.0,6.0,6.0,0.01,0.0,0.18,0.0,0.0,6.0,6.0,0.0,0.0,0.0,32.5,78.3,6.0,6.0,36.91,0.0,96.78,
tflite-native,cpu,image-classification,21,0.28,13,4.61,17.89,0.0,0.0,4.0,4.0,-0.01,0.0,0.24,0.0,0.0,4.0,4.0,0.0,0.0,0.0,18.5,40.0,4.0,4.0,38.95,0.0,177.08,
tflite-native,cpu,image-classification,22,0.28,11.54,4.34,16.16,0.0,0.0,6.0,6.0,0.0,0.0,0.26,0.0,0.0,6.0,6.0,0.0,0.0,0.0,8.3,25.0,6.0,6.0,36.75,0.0,99.29,
tflite-native,cpu,image-classification,23,0.29,11.19,4.37,15.85,0.0,0.0,4.0,4.0,0.0,0.0,0.57,33.7,33.7,4.0,4.0,0.0,0.0,0.0,15.1,60.2,4.0,4.0,39.99,0.0,177.73,
tflite-native,cpu,image-classification,24,0.28,11.66,4.04,15.98,0.0,0.0,5.0,5.0,-0.01,0.0,0.24,0.0,0.0,5.0,5.0,0.0,0.0,0.0,50.8,168.8,4.5,5.0,39.78,0.0,182.88,
tflite-native,cpu,image-classification,25,0.28,11.31,4.13,15.72,0.0,0.0,5.0,5.0,-0.02,0.0,0.66,0.0,0.0,5.0,5.0,0.0,0.0,0.0,39.3,78.3,5.0,5.0,40.12,0.0,95.71,
tflite-native,cpu,image-classification,26,0.27,11.43,4.02,15.72,0.0,0.0,4.0,4.0,-0.01,0.0,0.25,0.0,0.0,4.0,4.0,0.0,0.0,0.0,23.0,51.0,3.8,4.0,39.06,0.0,177.77,
tflite-native,cpu,image-classification,27,0.28,11.7,4.02,16.0,0.0,0.0,3.0,3.0,-0.01,0.0,0.21,0.0,0.0,3.0,3.0,0.0,0.0,0.0,8.6,25.8,3.0,3.0,40.27,0.0,97.69,
tflite-native,cpu,image-classification,28,0.28,11.51,4.03,15.82,0.0,0.0,4.0,4.0,0.0,0.0,0.43,0.0,0.0,4.0,4.0,0.0,0.0,0.0,19.6,58.8,3.7,4.0,39.98,0.0,98.18,
tflite-native,cpu,image-classification,29,0.28,11.39,4.07,15.74,0.0,0.0,3.0,3.0,0.0,0.0,0.25,0.0,0.0,3.0,3.0,0.0,0.0,0.0,63.5,102.4,3.0,3.0,38.84,0.0,96.22,
tflite-native,cpu,image-classification,30,0.28,14.81,4.12,19.21,2458.3,4916.6,4.0,4.0,-0.01,0.0,0.24,0.0,0.0,4.0,4.0,0.0,0.0,0.0,51.6,154.8,3.7,4.0,38.64,0.0,99.62,
tflite-native,gpu,image-classification,1,0.38,172.62,7.62,180.62,0.0,0.0,5.0,5.0,0.0,0.0,0.21,93.9,203.5,5.0,5.0,125.09,159.0,117.81,31.8,95.4,5.0,5.0,-12.4,26.0,94.2,
tflite-native,gpu,image-classification,2,0.28,166.83,7.77,174.88,0.0,0.0,4.0,4.0,0.06,0.0,0.04,34.1,102.2,4.0,4.0,80.32,159.0,102.46,79.2,142.2,4.0,4.0,-38.27,26.0,96.94,
tflite-native,gpu,image-classification,3,0.27,175.81,9.14,185.22,0.0,0.0,0.0,0.0,0.0,0.0,0.43,72.4,217.1,5.0,5.0,130.13,159.0,132.34,31.8,95.5,5.0,5.0,-11.98,26.0,111.32,
tflite-native,gpu,image-classification,4,0.33,175.03,7.5,182.86,0.0,0.0,4.0,4.0,0.0,0.0,0.03,53.0,159.0,4.0,4.0,124.97,158.0,132.94,25.6,76.7,4.0,4.0,-12.74,26.0,95.83,
tflite-native,gpu,image-classification,5,0.28,158.96,8.14,167.38,0.0,0.0,3.0,3.0,0.0,0.0,0.21,48.8,109.2,4.0,4.0,142.1,159.0,117.27,41.7,92.2,4.0,4.0,-13.11,26.0,111.27,
tflite-native,gpu,image-classification,6,0.28,170.01,8.36,178.65,0.0,0.0,4.0,4.0,0.0,0.0,0.04,36.0,108.0,4.0,4.0,124.93,159.0,115.98,39.6,102.3,4.0,4.0,-12.83,26.0,95.59,
tflite-native,gpu,image-classification,7,0.29,174.59,8.52,183.4,0.0,0.0,3.0,3.0,-0.02,0.0,0.48,31.3,93.9,3.0,3.0,144.71,159.0,129.07,68.0,187.7,3.0,3.0,-12.61,26.0,112.31,
tflite-native,gpu,image-classification,8,0.28,170.12,7.67,178.07,0.0,0.0,3.0,3.0,0.06,0.0,0.18,25.7,77.0,3.0,3.0,115.44,159.0,104.53,43.4,111.4,3.0,3.0,-32.64,26.0,95.46,
tflite-native,gpu,image-classification,9,0.34,166.16,7.89,174.39,0.0,0.0,5.0,5.0,0.0,0.0,0.1,29.4,88.3,5.0,5.0,141.91,159.0,117.21,59.8,163.2,6.7,10.0,-12.23,26.0,93.99,
tflite-native,gpu,image-classification,10,0.28,171.59,7.22,179.09,0.0,0.0,6.0,6.0,0.0,0.0,0.48,54.5,84.5,6.0,6.0,115.37,159.0,102.55,61.4,98.2,7.7,11.0,-21.22,26.0,94.52,
tflite-native,gpu,image-classification,11,0.31,161.03,7.84,169.18,0.0,0.0,5.0,5.0,0.0,0.0,0.47,48.3,78.0,5.0,5.0,141.14,159.0,116.69,23.8,71.5,5.0,5.0,-15.16,26.0,110.84,
tflite-native,gpu,image-classification,12,0.28,169.34,7.66,177.28,0.0,0.0,4.0,4.0,0.05,0.0,0.04,53.0,109.6,4.0,4.0,143.8,159.0,132.06,38.9,100.3,4.0,4.0,-12.33,26.0,110.8,
tflite-native,gpu,image-classification,13,0.28,169.2,8.03,177.51,0.0,0.0,0.0,0.0,0.0,0.0,0.24,57.3,171.9,5.0,5.0,132.73,159.0,116.28,32.9,82.4,5.0,5.0,-12.17,26.0,94.74,
tflite-native,gpu,image-classification,14,0.28,161.25,8.87,170.4,0.0,0.0,4.0,4.0,0.06,0.0,0.2,30.6,91.8,4.0,4.0,118.32,159.0,116.37,61.3,167.3,4.0,4.0,-12.35,26.0,110.12,
tflite-native,gpu,image-classification,15,0.29,166.59,7.8,174.68,0.0,0.0,5.0,5.0,-0.01,0.0,0.21,44.5,133.5,4.3,5.0,118.73,158.0,101.86,87.5,106.0,3.0,3.0,-36.1,26.0,95.23,
tflite-native,gpu,image-classification,16,0.28,170.74,8.31,179.33,0.0,0.0,3.0,3.0,0.01,0.0,0.32,30.5,91.4,3.0,3.0,119.53,159.0,105.98,96.8,117.7,3.0,3.0,-32.38,26.0,94.85,
tflite-native,gpu,image-classification,17,0.33,157.24,8.14,165.71,0.0,0.0,3.0,3.0,0.0,0.0,0.04,35.4,70.4,3.0,3.0,125.7,159.0,114.59,38.4,115.1,7.0,7.0,-12.29,26.0,110.89,
tflite-native,gpu,image-classification,18,0.31,158.06,6.97,165.34,0.0,0.0,5.0,5.0,0.01,0.0,0.12,316.9,726.9,5.0,5.0,142.53,159.0,117.22,42.8,111.9,6.3,9.0,-12.23,26.0,111.37,
tflite-native,gpu,image-classification,19,0.32,173.77,7.66,181.75,0.0,0.0,4.0,4.0,0.0,0.0,0.13,36.7,110.0,4.0,4.0,104.46,159.0,107.96,70.5,95.9,3.7,4.0,-32.77,26.0,94.37,
tflite-native,gpu,image-classification,20,0.27,165.63,7.82,173.72,0.0,0.0,4.0,4.0,-0.02,0.0,0.43,37.9,113.6,4.0,4.0,116.51,159.0,100.44,91.3,138.6,4.0,4.0,-37.96,26.0,94.44,
tflite-native,gpu,image-classification,21,0.29,163.69,7.17,171.15,0.0,0.0,4.0,4.0,-0.06,0.0,0.47,67.7,203.2,4.0,4.0,143.24,159.0,118.82,40.6,105.3,4.0,4.0,-12.17,26.0,93.83,
tflite-native,gpu,image-classification,22,0.32,165.57,7.15,173.04,0.0,0.0,0.0,0.0,0.0,0.0,0.04,31.3,94.0,4.0,4.0,140.32,159.0,117.65,40.0,103.6,4.0,4.0,-12.23,26.0,93.24,
tflite-native,gpu,image-classification,23,0.28,181.48,7.26,189.02,0.0,0.0,0.0,0.0,-0.04,0.0,0.48,47.0,140.9,5.0,5.0,139.9,159.0,132.33,51.6,138.4,5.0,5.0,-12.48,26.0,94.94,
tflite-native,gpu,image-classification,24,0.28,162.09,7.64,170.01,0.0,0.0,4.0,4.0,0.0,0.0,0.25,28.3,84.9,3.7,4.0,110.56,159.0,98.94,119.3,261.3,3.0,3.0,-30.51,26.0,96.63,
tflite-native,gpu,image-classification,25,0.37,169.47,8.14,177.98,0.0,0.0,2.0,2.0,0.0,0.0,0.41,17.4,52.3,6.0,14.0,125.08,159.0,105.15,80.4,136.9,14.0,14.0,-34.47,26.0,96.17,
tflite-native,gpu,image-classification,26,0.32,159.16,8.39,167.87,0.0,0.0,3.0,3.0,0.0,0.0,13.39,81.3,123.9,3.0,3.0,61.18,19.0,83.31,86.1,147.6,4.0,4.0,-24.12,26.0,94.87,
tflite-native,gpu,image-classification,27,0.31,171.09,7.8,179.2,0.0,0.0,4.0,4.0,-0.03,0.0,0.24,56.4,169.3,4.0,4.0,144.68,159.0,131.57,49.2,98.4,4.3,5.0,-12.21,26.0,111.0,
tflite-native,gpu,image-classification,28,0.28,161.17,7.58,169.03,0.0,0.0,4.0,4.0,0.0,0.0,0.07,58.3,174.9,4.0,4.0,144.68,159.0,116.75,37.7,96.9,4.0,4.0,-12.26,26.0,110.9,
tflite-native,gpu,image-classification,29,0.28,176.85,7.78,184.91,0.0,0.0,4.0,4.0,0.0,0.0,0.43,37.0,111.1,4.0,4.0,144.65,159.0,131.34,47.5,125.9,4.0,4.0,-12.35,26.0,109.99,
tflite-native,gpu,image-classification,30,0.28,165.18,6.97,172.43,4119.4,8238.9,4.0,4.0,0.0,0.0,0.48,26.4,79.2,3.0,3.0,134.3,159.0,116.61,45.3,103.4,3.0,3.0,-12.28,26.0,97.59,
